open_time,open,high,low,close,tick_volume
2026-09-13T22:00:00+00:00,30.0,30.004,29.98,29.999,229
2026-09-13T22:05:00+00:00,29.999,30.001,29.981,29.987,348
2026-09-13T22:10:00+00:00,29.987,30.008,29.977,30.003,429
2026-09-13T22:15:00+00:00,30.003,30.011,29.99,29.995,274
2026-09-13T22:20:00+00:00,29.995,30.001,29.982,29.985,391
2026-09-13T22:25:00+00:00,29.985,30.027,29.969,30.005,200
2026-09-13T22:30:00+00:00,30.005,30.016,29.967,29.977,513
2026-09-13T22:35:00+00:00,29.977,29.993,29.964,29.967,374
2026-09-13T22:40:00+00:00,29.967,29.97,29.947,29.958,382
2026-09-13T22:45:00+00:00,29.958,29.961,29.952,29.96,395
2026-09-13T22:50:00+00:00,29.96,29.97,29.951,29.964,315
2026-09-13T22:55:00+00:00,29.964,29.978,29.956,29.973,244
2026-09-13T23:00:00+00:00,29.973,29.995,29.969,29.988,125
2026-09-13T23:05:00+00:00,29.988,29.993,29.984,29.986,312
2026-09-13T23:10:00+00:00,29.986,30.003,29.981,29.995,327
2026-09-13T23:15:00+00:00,29.995,30.001,29.987,29.993,305
2026-09-13T23:20:00+00:00,29.993,29.994,29.983,29.992,404
2026-09-13T23:25:00+00:00,29.992,30.002,29.988,29.997,213
2026-09-13T23:30:00+00:00,29.997,30.022,29.991,30.016,303
2026-09-13T23:35:00+00:00,30.016,30.021,29.994,30.0,220
2026-09-13T23:40:00+00:00,30.0,30.013,29.995,30.01,318
2026-09-13T23:45:00+00:00,30.01,30.013,29.998,30.011,251
2026-09-13T23:50:00+00:00,30.011,30.018,30.001,30.005,417
2026-09-13T23:55:00+00:00,30.005,30.014,30.0,30.009,177
2026-09-14T00:00:00+00:00,30.009,30.032,29.997,30.018,284
2026-09-14T00:05:00+00:00,30.018,30.021,30.005,30.011,469
2026-09-14T00:10:00+00:00,30.011,30.019,30.009,30.013,594
2026-09-14T00:15:00+00:00,30.013,30.022,30.007,30.02,186
2026-09-14T00:20:00+00:00,30.02,30.048,30.014,30.042,326
2026-09-14T00:25:00+00:00,30.042,30.055,30.038,30.048,412
2026-09-14T00:30:00+00:00,30.048,30.05,30.039,30.042,82
2026-09-14T00:35:00+00:00,30.042,30.052,30.038,30.046,588
2026-09-14T00:40:00+00:00,30.046,30.055,30.025,30.028,344
2026-09-14T00:45:00+00:00,30.028,30.034,30.022,30.024,163
2026-09-14T00:50:00+00:00,30.024,30.033,30.019,30.029,252
2026-09-14T00:55:00+00:00,30.029,30.036,30.011,30.02,163
2026-09-14T01:00:00+00:00,30.02,30.028,30.016,30.021,382
2026-09-14T01:05:00+00:00,30.021,30.027,29.992,29.999,178
2026-09-14T01:10:00+00:00,29.999,30.003,29.989,29.994,248
2026-09-14T01:15:00+00:00,29.994,29.999,29.989,29.994,390
2026-09-14T01:20:00+00:00,29.994,30.004,29.99,29.995,271
2026-09-14T01:25:00+00:00,29.995,30.002,29.988,29.99,232
2026-09-14T01:30:00+00:00,29.99,29.996,29.975,29.979,293
2026-09-14T01:35:00+00:00,29.979,29.981,29.973,29.975,257
2026-09-14T01:40:00+00:00,29.975,30.0,29.969,29.993,341
2026-09-14T01:45:00+00:00,29.993,29.996,29.978,29.988,118
2026-09-14T01:50:00+00:00,29.988,30.006,29.984,29.999,270
2026-09-14T01:55:00+00:00,29.999,30.018,29.989,30.012,586
2026-09-14T02:00:00+00:00,30.012,30.02,29.991,29.996,301
2026-09-14T02:05:00+00:00,29.996,29.998,29.981,29.984,412
2026-09-14T02:10:00+00:00,29.984,29.989,29.974,29.98,389
2026-09-14T02:15:00+00:00,29.98,29.994,29.972,29.991,268
2026-09-14T02:20:00+00:00,29.991,29.995,29.988,29.993,319
2026-09-14T02:25:00+00:00,29.993,30.001,29.991,29.993,281
2026-09-14T02:30:00+00:00,29.993,29.996,29.984,29.992,342
2026-09-14T02:35:00+00:00,29.992,29.994,29.986,29.987,291
2026-09-14T02:40:00+00:00,29.987,29.995,29.984,29.993,361
2026-09-14T02:45:00+00:00,29.993,30.009,29.987,30.004,228
2026-09-14T02:50:00+00:00,30.004,30.008,29.993,29.998,271
2026-09-14T02:55:00+00:00,29.998,30.002,29.973,29.98,403
2026-09-14T03:00:00+00:00,29.98,29.982,29.97,29.976,270
2026-09-14T03:05:00+00:00,29.976,29.977,29.961,29.97,340
2026-09-14T03:10:00+00:00,29.97,29.993,29.964,29.982,458
2026-09-14T03:15:00+00:00,29.982,29.989,29.979,29.98,293
2026-09-14T03:20:00+00:00,29.98,29.983,29.959,29.97,356
2026-09-14T03:25:00+00:00,29.97,29.975,29.948,29.958,280
2026-09-14T03:30:00+00:00,29.958,29.962,29.947,29.949,118
2026-09-14T03:35:00+00:00,29.949,29.954,29.943,29.946,246
2026-09-14T03:40:00+00:00,29.946,29.963,29.943,29.954,188
2026-09-14T03:45:00+00:00,29.954,29.967,29.945,29.952,307
2026-09-14T03:50:00+00:00,29.952,29.983,29.941,29.971,322
2026-09-14T03:55:00+00:00,29.971,29.979,29.945,29.951,159
2026-09-14T04:00:00+00:00,29.951,29.971,29.948,29.965,136
2026-09-14T04:05:00+00:00,29.965,29.969,29.957,29.958,336
2026-09-14T04:10:00+00:00,29.958,29.965,29.955,29.958,284
2026-09-14T04:15:00+00:00,29.958,29.96,29.951,29.956,167
2026-09-14T04:20:00+00:00,29.956,29.967,29.953,29.962,203
2026-09-14T04:25:00+00:00,29.962,29.972,29.962,29.963,230
2026-09-14T04:30:00+00:00,29.963,29.969,29.94,29.944,218
2026-09-14T04:35:00+00:00,29.944,29.948,29.931,29.935,267
2026-09-14T04:40:00+00:00,29.935,29.936,29.927,29.931,270
2026-09-14T04:45:00+00:00,29.931,29.942,29.93,29.934,230
2026-09-14T04:50:00+00:00,29.934,29.943,29.934,29.936,338
2026-09-14T04:55:00+00:00,29.936,29.941,29.921,29.927,236
2026-09-14T05:00:00+00:00,29.927,29.929,29.92,29.924,235
2026-09-14T05:05:00+00:00,29.924,29.939,29.917,29.935,238
2026-09-14T05:10:00+00:00,29.935,29.945,29.918,29.921,298
2026-09-14T05:15:00+00:00,29.921,29.934,29.913,29.928,265
2026-09-14T05:20:00+00:00,29.928,29.929,29.92,29.924,299
2026-09-14T05:25:00+00:00,29.924,29.932,29.92,29.924,327
2026-09-14T05:30:00+00:00,29.924,29.934,29.916,29.931,429
2026-09-14T05:35:00+00:00,29.931,29.938,29.925,29.933,418
2026-09-14T05:40:00+00:00,29.933,29.952,29.924,29.948,178
2026-09-14T05:45:00+00:00,29.948,29.964,29.936,29.954,342
2026-09-14T05:50:00+00:00,29.954,29.965,29.95,29.96,232
2026-09-14T05:55:00+00:00,29.96,29.962,29.953,29.956,333
2026-09-14T06:00:00+00:00,29.956,29.959,29.955,29.957,339
2026-09-14T06:05:00+00:00,29.957,29.961,29.95,29.953,85
2026-09-14T06:10:00+00:00,29.953,29.967,29.95,29.964,144
2026-09-14T06:15:00+00:00,29.964,29.968,29.963,29.964,318
2026-09-14T06:20:00+00:00,29.964,29.966,29.948,29.953,227
2026-09-14T06:25:00+00:00,29.953,29.964,29.946,29.956,179
2026-09-14T06:30:00+00:00,29.956,29.975,29.952,29.966,318
2026-09-14T06:35:00+00:00,29.966,29.976,29.96,29.971,98
2026-09-14T06:40:00+00:00,29.971,29.973,29.969,29.971,307
2026-09-14T06:45:00+00:00,29.971,29.981,29.964,29.971,131
2026-09-14T06:50:00+00:00,29.971,29.973,29.963,29.972,73
2026-09-14T06:55:00+00:00,29.972,29.978,29.969,29.973,230
2026-09-14T07:00:00+00:00,29.973,29.978,29.968,29.976,551
2026-09-14T07:05:00+00:00,29.976,30.002,29.968,29.993,285
2026-09-14T07:10:00+00:00,29.993,29.997,29.967,29.977,112
2026-09-14T07:15:00+00:00,29.977,29.988,29.969,29.971,448
2026-09-14T07:20:00+00:00,29.971,29.995,29.954,29.986,340
2026-09-14T07:25:00+00:00,29.986,29.994,29.969,29.977,346
2026-09-14T07:30:00+00:00,29.977,29.997,29.966,29.983,321
2026-09-14T07:35:00+00:00,29.983,30.029,29.977,30.014,601
2026-09-14T07:40:00+00:00,30.014,30.033,30.012,30.021,363
2026-09-14T07:45:00+00:00,30.021,30.044,29.99,30.008,885
2026-09-14T07:50:00+00:00,30.008,30.015,29.967,29.989,816
2026-09-14T07:55:00+00:00,29.989,30.054,29.957,30.033,403
2026-09-14T08:00:00+00:00,30.033,30.037,30.032,30.034,323
2026-09-14T08:05:00+00:00,30.034,30.064,29.988,29.997,676
2026-09-14T08:10:00+00:00,29.997,30.001,29.968,29.98,69
2026-09-14T08:15:00+00:00,29.98,29.988,29.955,29.969,521
2026-09-14T08:20:00+00:00,29.969,29.991,29.95,29.977,918
2026-09-14T08:25:00+00:00,29.977,29.993,29.968,29.984,415
2026-09-14T08:30:00+00:00,29.984,30.03,29.969,30.015,799
2026-09-14T08:35:00+00:00,30.015,30.057,30.005,30.045,714
2026-09-14T08:40:00+00:00,30.045,30.046,30.028,30.044,641
2026-09-14T08:45:00+00:00,30.044,30.053,30.016,30.024,708
2026-09-14T08:50:00+00:00,30.024,30.035,30.022,30.027,242
2026-09-14T08:55:00+00:00,30.027,30.096,30.004,30.063,1024
2026-09-14T09:00:00+00:00,30.063,30.086,30.054,30.081,671
2026-09-14T09:05:00+00:00,30.081,30.09,30.057,30.07,608
2026-09-14T09:10:00+00:00,30.07,30.086,30.042,30.047,748
2026-09-14T09:15:00+00:00,30.047,30.074,30.038,30.068,749
2026-09-14T09:20:00+00:00,30.068,30.078,30.003,30.024,440
2026-09-14T09:25:00+00:00,30.024,30.064,30.011,30.052,842
2026-09-14T09:30:00+00:00,30.052,30.055,30.044,30.047,354
2026-09-14T09:35:00+00:00,30.047,30.06,30.042,30.057,615
2026-09-14T09:40:00+00:00,30.057,30.077,30.05,30.065,329
2026-09-14T09:45:00+00:00,30.065,30.081,30.06,30.075,430
2026-09-14T09:50:00+00:00,30.075,30.106,30.069,30.089,573
2026-09-14T09:55:00+00:00,30.089,30.11,30.073,30.093,650
2026-09-14T10:00:00+00:00,30.093,30.128,30.082,30.119,244
2026-09-14T10:05:00+00:00,30.119,30.162,30.106,30.141,671
2026-09-14T10:10:00+00:00,30.141,30.161,30.131,30.149,500
2026-09-14T10:15:00+00:00,30.149,30.158,30.13,30.142,555
2026-09-14T10:20:00+00:00,30.142,30.151,30.102,30.121,499
2026-09-14T10:25:00+00:00,30.121,30.138,30.112,30.124,315
2026-09-14T10:30:00+00:00,30.124,30.144,30.112,30.115,524
2026-09-14T10:35:00+00:00,30.115,30.124,30.066,30.09,499
2026-09-14T10:40:00+00:00,30.09,30.097,30.067,30.075,535
2026-09-14T10:45:00+00:00,30.075,30.084,30.069,30.075,316
2026-09-14T10:50:00+00:00,30.075,30.076,30.06,30.072,563
2026-09-14T10:55:00+00:00,30.072,30.082,30.052,30.057,437
2026-09-14T11:00:00+00:00,30.057,30.066,30.037,30.06,339
2026-09-14T11:05:00+00:00,30.06,30.063,30.055,30.06,556
2026-09-14T11:10:00+00:00,30.06,30.116,30.045,30.099,814
2026-09-14T11:15:00+00:00,30.099,30.104,30.085,30.091,268
2026-09-14T11:20:00+00:00,30.091,30.103,30.082,30.088,616
2026-09-14T11:25:00+00:00,30.088,30.11,30.046,30.059,353
2026-09-14T11:30:00+00:00,30.059,30.065,30.04,30.043,466
2026-09-14T11:35:00+00:00,30.043,30.057,30.03,30.045,371
2026-09-14T11:40:00+00:00,30.045,30.059,30.037,30.051,141
2026-09-14T11:45:00+00:00,30.051,30.091,30.042,30.075,490
2026-09-14T11:50:00+00:00,30.075,30.112,30.067,30.105,260
2026-09-14T11:55:00+00:00,30.105,30.12,30.098,30.112,471
2026-09-14T12:00:00+00:00,30.112,30.123,30.092,30.102,555
2026-09-14T12:05:00+00:00,30.102,30.113,30.069,30.083,729
2026-09-14T12:10:00+00:00,30.083,30.111,30.071,30.102,496
2026-09-14T12:15:00+00:00,30.102,30.146,30.076,30.134,920
2026-09-14T12:20:00+00:00,30.134,30.146,30.11,30.134,590
2026-09-14T12:25:00+00:00,30.134,30.168,30.128,30.152,767
2026-09-14T12:30:00+00:00,30.152,30.155,30.13,30.139,226
2026-09-14T12:35:00+00:00,30.139,30.165,30.134,30.158,744
2026-09-14T12:40:00+00:00,30.158,30.199,30.153,30.183,676
2026-09-14T12:45:00+00:00,30.183,30.228,30.161,30.211,668
2026-09-14T12:50:00+00:00,30.211,30.259,30.201,30.242,474
2026-09-14T12:55:00+00:00,30.242,30.261,30.23,30.24,490
2026-09-14T13:00:00+00:00,30.24,30.243,30.235,30.242,936
2026-09-14T13:05:00+00:00,30.242,30.267,30.23,30.253,547
2026-09-14T13:10:00+00:00,30.253,30.264,30.228,30.246,819
2026-09-14T13:15:00+00:00,30.246,30.254,30.229,30.248,329
2026-09-14T13:20:00+00:00,30.248,30.276,30.215,30.222,606
2026-09-14T13:25:00+00:00,30.222,30.226,30.208,30.223,888
2026-09-14T13:30:00+00:00,30.223,30.239,30.21,30.217,702
2026-09-14T13:35:00+00:00,30.217,30.222,30.176,30.195,757
2026-09-14T13:40:00+00:00,30.195,30.231,30.189,30.207,698
2026-09-14T13:45:00+00:00,30.207,30.272,30.197,30.258,665
2026-09-14T13:50:00+00:00,30.258,30.277,30.217,30.234,780
2026-09-14T13:55:00+00:00,30.234,30.248,30.217,30.223,848
2026-09-14T14:00:00+00:00,30.223,30.247,30.214,30.237,538
2026-09-14T14:05:00+00:00,30.237,30.267,30.231,30.25,806
2026-09-14T14:10:00+00:00,30.25,30.266,30.226,30.257,1073
2026-09-14T14:15:00+00:00,30.257,30.278,30.207,30.214,349
2026-09-14T14:20:00+00:00,30.214,30.261,30.208,30.241,1081
2026-09-14T14:25:00+00:00,30.241,30.268,30.224,30.26,640
2026-09-14T14:30:00+00:00,30.26,30.285,30.238,30.272,804
2026-09-14T14:35:00+00:00,30.272,30.28,30.254,30.257,801
2026-09-14T14:40:00+00:00,30.257,30.279,30.254,30.269,863
2026-09-14T14:45:00+00:00,30.269,30.274,30.263,30.268,532
2026-09-14T14:50:00+00:00,30.268,30.279,30.248,30.273,843
2026-09-14T14:55:00+00:00,30.273,30.283,30.222,30.241,225
2026-09-14T15:00:00+00:00,30.241,30.242,30.228,30.24,295
2026-09-14T15:05:00+00:00,30.24,30.261,30.233,30.257,726
2026-09-14T15:10:00+00:00,30.257,30.263,30.198,30.219,540
2026-09-14T15:15:00+00:00,30.219,30.222,30.186,30.204,693
2026-09-14T15:20:00+00:00,30.204,30.228,30.187,30.216,314
2026-09-14T15:25:00+00:00,30.216,30.226,30.203,30.223,555
2026-09-14T15:30:00+00:00,30.223,30.226,30.201,30.215,249
2026-09-14T15:35:00+00:00,30.215,30.233,30.213,30.216,294
2026-09-14T15:40:00+00:00,30.216,30.225,30.195,30.202,275
2026-09-14T15:45:00+00:00,30.202,30.207,30.192,30.205,799
2026-09-14T15:50:00+00:00,30.205,30.232,30.201,30.216,776
2026-09-14T15:55:00+00:00,30.216,30.224,30.199,30.205,335
2026-09-14T16:00:00+00:00,30.205,30.236,30.197,30.23,778
2026-09-14T16:05:00+00:00,30.23,30.285,30.222,30.273,486
2026-09-14T16:10:00+00:00,30.273,30.315,30.256,30.303,744
2026-09-14T16:15:00+00:00,30.303,30.309,30.277,30.285,576
2026-09-14T16:20:00+00:00,30.285,30.296,30.259,30.268,884
2026-09-14T16:25:00+00:00,30.268,30.276,30.256,30.271,672
2026-09-14T16:30:00+00:00,30.271,30.274,30.268,30.272,276
2026-09-14T16:35:00+00:00,30.272,30.275,30.257,30.272,444
2026-09-14T16:40:00+00:00,30.272,30.289,30.254,30.264,603
2026-09-14T16:45:00+00:00,30.264,30.277,30.245,30.255,664
2026-09-14T16:50:00+00:00,30.255,30.273,30.243,30.268,569
2026-09-14T16:55:00+00:00,30.268,30.276,30.259,30.266,404
2026-09-14T17:00:00+00:00,30.266,30.281,30.246,30.256,473
2026-09-14T17:05:00+00:00,30.256,30.272,30.252,30.257,727
2026-09-14T17:10:00+00:00,30.257,30.262,30.227,30.236,449
2026-09-14T17:15:00+00:00,30.236,30.254,30.234,30.241,470
2026-09-14T17:20:00+00:00,30.241,30.254,30.205,30.219,642
2026-09-14T17:25:00+00:00,30.219,30.236,30.203,30.207,535
2026-09-14T17:30:00+00:00,30.207,30.261,30.201,30.24,373
2026-09-14T17:35:00+00:00,30.24,30.273,30.23,30.267,567
2026-09-14T17:40:00+00:00,30.267,30.281,30.242,30.254,569
2026-09-14T17:45:00+00:00,30.254,30.258,30.247,30.256,453
2026-09-14T17:50:00+00:00,30.256,30.281,30.252,30.274,398
2026-09-14T17:55:00+00:00,30.274,30.287,30.254,30.264,249
2026-09-14T18:00:00+00:00,30.264,30.274,30.261,30.267,775
2026-09-14T18:05:00+00:00,30.267,30.278,30.224,30.237,778
2026-09-14T18:10:00+00:00,30.237,30.26,30.193,30.202,257
2026-09-14T18:15:00+00:00,30.202,30.226,30.163,30.172,232
2026-09-14T18:20:00+00:00,30.172,30.191,30.17,30.18,595
2026-09-14T18:25:00+00:00,30.18,30.189,30.143,30.15,193
2026-09-14T18:30:00+00:00,30.15,30.162,30.142,30.158,593
2026-09-14T18:35:00+00:00,30.158,30.169,30.143,30.167,694
2026-09-14T18:40:00+00:00,30.167,30.177,30.162,30.169,517
2026-09-14T18:45:00+00:00,30.169,30.173,30.157,30.166,649
2026-09-14T18:50:00+00:00,30.166,30.177,30.145,30.158,441
2026-09-14T18:55:00+00:00,30.158,30.16,30.135,30.148,820
2026-09-14T19:00:00+00:00,30.148,30.166,30.145,30.153,242
2026-09-14T19:05:00+00:00,30.153,30.162,30.098,30.116,524
2026-09-14T19:10:00+00:00,30.116,30.125,30.101,30.107,622
2026-09-14T19:15:00+00:00,30.107,30.119,30.105,30.113,456
2026-09-14T19:20:00+00:00,30.113,30.134,30.108,30.128,460
2026-09-14T19:25:00+00:00,30.128,30.144,30.126,30.14,326
2026-09-14T19:30:00+00:00,30.14,30.174,30.134,30.164,322
2026-09-14T19:35:00+00:00,30.164,30.173,30.143,30.16,759
2026-09-14T19:40:00+00:00,30.16,30.169,30.154,30.157,634
2026-09-14T19:45:00+00:00,30.157,30.168,30.142,30.162,422
2026-09-14T19:50:00+00:00,30.162,30.173,30.146,30.153,424
2026-09-14T19:55:00+00:00,30.153,30.165,30.148,30.162,614
2026-09-14T20:00:00+00:00,30.162,30.183,30.147,30.175,417
2026-09-14T20:05:00+00:00,30.175,30.184,30.174,30.183,352
2026-09-14T20:10:00+00:00,30.183,30.189,30.166,30.173,438
2026-09-14T20:15:00+00:00,30.173,30.18,30.158,30.171,477
2026-09-14T20:20:00+00:00,30.171,30.193,30.167,30.184,659
2026-09-14T20:25:00+00:00,30.184,30.193,30.154,30.16,471
2026-09-14T20:30:00+00:00,30.16,30.17,30.154,30.168,430
2026-09-14T20:35:00+00:00,30.168,30.187,30.161,30.18,377
2026-09-14T20:40:00+00:00,30.18,30.191,30.165,30.175,419
2026-09-14T20:45:00+00:00,30.175,30.183,30.146,30.152,232
2026-09-14T20:50:00+00:00,30.152,30.155,30.148,30.15,228
2026-09-14T20:55:00+00:00,30.15,30.157,30.111,30.129,657
2026-09-14T21:00:00+00:00,30.129,30.145,30.121,30.142,422
2026-09-14T21:05:00+00:00,30.142,30.154,30.105,30.116,397
2026-09-14T21:10:00+00:00,30.116,30.123,30.091,30.096,488
2026-09-14T21:15:00+00:00,30.096,30.1,30.076,30.082,448
2026-09-14T21:20:00+00:00,30.082,30.096,30.076,30.088,450
2026-09-14T21:25:00+00:00,30.088,30.115,30.077,30.104,413
2026-09-14T21:30:00+00:00,30.104,30.111,30.07,30.081,120
2026-09-14T21:35:00+00:00,30.081,30.085,30.064,30.076,343
2026-09-14T21:40:00+00:00,30.076,30.088,30.073,30.083,542
2026-09-14T21:45:00+00:00,30.083,30.089,30.068,30.077,591
2026-09-14T21:50:00+00:00,30.077,30.085,30.072,30.084,369
2026-09-14T21:55:00+00:00,30.084,30.097,30.047,30.066,482
2026-09-14T22:00:00+00:00,30.066,30.088,30.056,30.077,317
2026-09-14T22:05:00+00:00,30.077,30.086,30.053,30.059,591
2026-09-14T22:10:00+00:00,30.059,30.068,30.016,30.032,476
2026-09-14T22:15:00+00:00,30.032,30.047,29.991,30.005,262
2026-09-14T22:20:00+00:00,30.005,30.014,29.999,30.0,451
2026-09-14T22:25:00+00:00,30.0,30.008,29.998,30.002,384
2026-09-14T22:30:00+00:00,30.002,30.008,29.992,29.995,160
2026-09-14T22:35:00+00:00,29.995,30.0,29.992,29.994,555
2026-09-14T22:40:00+00:00,29.994,30.006,29.964,29.976,311
2026-09-14T22:45:00+00:00,29.976,29.984,29.948,29.955,524
2026-09-14T22:50:00+00:00,29.955,29.985,29.95,29.978,514
2026-09-14T22:55:00+00:00,29.978,29.989,29.975,29.984,151
2026-09-14T23:00:00+00:00,29.984,29.996,29.983,29.986,394
2026-09-14T23:05:00+00:00,29.986,30.003,29.983,30.0,335
2026-09-14T23:10:00+00:00,30.0,30.002,29.994,29.998,482
2026-09-14T23:15:00+00:00,29.998,30.002,29.998,30.0,198
2026-09-14T23:20:00+00:00,30.0,30.02,29.994,30.016,275
2026-09-14T23:25:00+00:00,30.016,30.02,29.997,30.002,260
2026-09-14T23:30:00+00:00,30.002,30.026,29.997,30.019,435
2026-09-14T23:35:00+00:00,30.019,30.022,30.012,30.014,327
2026-09-14T23:40:00+00:00,30.014,30.044,30.007,30.032,199
2026-09-14T23:45:00+00:00,30.032,30.036,30.01,30.02,281
2026-09-14T23:50:00+00:00,30.02,30.042,30.011,30.032,269
2026-09-14T23:55:00+00:00,30.032,30.049,30.009,30.02,202
2026-09-15T00:00:00+00:00,30.02,30.025,29.987,30.001,476
2026-09-15T00:05:00+00:00,30.001,30.007,29.997,30.0,518
2026-09-15T00:10:00+00:00,30.0,30.016,29.998,30.005,158
2026-09-15T00:15:00+00:00,30.005,30.005,30.003,30.004,399
2026-09-15T00:20:00+00:00,30.004,30.01,29.994,29.995,347
2026-09-15T00:25:00+00:00,29.995,30.002,29.982,29.988,257
2026-09-15T00:30:00+00:00,29.988,29.997,29.979,29.982,345
2026-09-15T00:35:00+00:00,29.982,29.988,29.972,29.974,172
2026-09-15T00:40:00+00:00,29.974,29.982,29.972,29.979,314
2026-09-15T00:45:00+00:00,29.979,29.981,29.975,29.977,244
2026-09-15T00:50:00+00:00,29.977,29.978,29.969,29.972,450
2026-09-15T00:55:00+00:00,29.972,29.992,29.971,29.98,356
2026-09-15T01:00:00+00:00,29.98,29.985,29.975,29.978,470
2026-09-15T01:05:00+00:00,29.978,29.984,29.968,29.972,220
2026-09-15T01:10:00+00:00,29.972,29.991,29.963,29.984,113
2026-09-15T01:15:00+00:00,29.984,29.997,29.974,29.987,343
2026-09-15T01:20:00+00:00,29.987,30.0,29.981,29.997,399
2026-09-15T01:25:00+00:00,29.997,30.009,29.977,29.987,234
2026-09-15T01:30:00+00:00,29.987,29.992,29.98,29.989,280
2026-09-15T01:35:00+00:00,29.989,29.998,29.978,29.984,29
2026-09-15T01:40:00+00:00,29.984,29.993,29.981,29.988,189
2026-09-15T01:45:00+00:00,29.988,29.993,29.986,29.992,133
2026-09-15T01:50:00+00:00,29.992,30.002,29.981,29.984,324
2026-09-15T01:55:00+00:00,29.984,30.003,29.982,29.996,307
2026-09-15T02:00:00+00:00,29.996,30.011,29.991,30.007,226
2026-09-15T02:05:00+00:00,30.007,30.01,30.002,30.007,319
2026-09-15T02:10:00+00:00,30.007,30.02,30.001,30.015,112
2026-09-15T02:15:00+00:00,30.015,30.016,30.006,30.01,210
2026-09-15T02:20:00+00:00,30.01,30.021,30.01,30.012,362
2026-09-15T02:25:00+00:00,30.012,30.018,30.009,30.01,305
2026-09-15T02:30:00+00:00,30.01,30.011,30.001,30.003,403
2026-09-15T02:35:00+00:00,30.003,30.009,29.996,29.998,419
2026-09-15T02:40:00+00:00,29.998,30.001,29.976,29.985,246
2026-09-15T02:45:00+00:00,29.985,29.994,29.983,29.99,294
2026-09-15T02:50:00+00:00,29.99,30.0,29.984,29.998,112
2026-09-15T02:55:00+00:00,29.998,30.007,29.994,29.996,383
2026-09-15T03:00:00+00:00,29.996,30.002,29.992,29.996,367
2026-09-15T03:05:00+00:00,29.996,30.007,29.987,29.999,370
2026-09-15T03:10:00+00:00,29.999,30.007,29.978,29.982,442
2026-09-15T03:15:00+00:00,29.982,29.991,29.979,29.987,202
2026-09-15T03:20:00+00:00,29.987,29.991,29.977,29.988,251
2026-09-15T03:25:00+00:00,29.988,29.997,29.98,29.992,160
2026-09-15T03:30:00+00:00,29.992,29.994,29.984,29.989,299
2026-09-15T03:35:00+00:00,29.989,29.993,29.985,29.992,140
2026-09-15T03:40:00+00:00,29.992,29.993,29.984,29.987,364
2026-09-15T03:45:00+00:00,29.987,29.989,29.984,29.985,356
2026-09-15T03:50:00+00:00,29.985,30.006,29.971,29.992,415
2026-09-15T03:55:00+00:00,29.992,30.001,29.983,29.989,377
2026-09-15T04:00:00+00:00,29.989,30.013,29.984,30.006,202
2026-09-15T04:05:00+00:00,30.006,30.009,29.995,29.997,312
2026-09-15T04:10:00+00:00,29.997,30.017,29.993,30.009,163
2026-09-15T04:15:00+00:00,30.009,30.013,29.996,29.998,553
2026-09-15T04:20:00+00:00,29.998,30.004,29.994,30.002,318
2026-09-15T04:25:00+00:00,30.002,30.007,29.985,29.991,259
2026-09-15T04:30:00+00:00,29.991,30.002,29.982,29.987,324
2026-09-15T04:35:00+00:00,29.987,29.991,29.981,29.986,224
2026-09-15T04:40:00+00:00,29.986,29.992,29.962,29.967,71
2026-09-15T04:45:00+00:00,29.967,29.971,29.951,29.954,236
2026-09-15T04:50:00+00:00,29.954,29.963,29.947,29.955,210
2026-09-15T04:55:00+00:00,29.955,29.961,29.927,29.939,316
2026-09-15T05:00:00+00:00,29.939,29.968,29.932,29.962,267
2026-09-15T05:05:00+00:00,29.962,29.97,29.957,29.968,284
2026-09-15T05:10:00+00:00,29.968,29.971,29.96,29.97,306
2026-09-15T05:15:00+00:00,29.97,29.988,29.964,29.98,340
2026-09-15T05:20:00+00:00,29.98,29.981,29.97,29.981,361
2026-09-15T05:25:00+00:00,29.981,29.991,29.978,29.987,423
2026-09-15T05:30:00+00:00,29.987,30.005,29.984,30.0,267
2026-09-15T05:35:00+00:00,30.0,30.001,29.982,29.993,516
2026-09-15T05:40:00+00:00,29.993,30.024,29.988,30.014,366
2026-09-15T05:45:00+00:00,30.014,30.019,30.005,30.009,257
2026-09-15T05:50:00+00:00,30.009,30.013,30.002,30.003,239
2026-09-15T05:55:00+00:00,30.003,30.024,29.998,30.017,299
2026-09-15T06:00:00+00:00,30.017,30.022,30.009,30.02,144
2026-09-15T06:05:00+00:00,30.02,30.047,30.012,30.039,259
2026-09-15T06:10:00+00:00,30.039,30.04,30.029,30.035,142
2026-09-15T06:15:00+00:00,30.035,30.041,30.023,30.031,299
2026-09-15T06:20:00+00:00,30.031,30.037,30.014,30.023,245
2026-09-15T06:25:00+00:00,30.023,30.031,30.018,30.029,462
2026-09-15T06:30:00+00:00,30.029,30.035,30.027,30.028,244
2026-09-15T06:35:00+00:00,30.028,30.031,30.017,30.02,213
2026-09-15T06:40:00+00:00,30.02,30.023,30.006,30.012,388
2026-09-15T06:45:00+00:00,30.012,30.014,30.005,30.011,243
2026-09-15T06:50:00+00:00,30.011,30.017,30.002,30.015,321
2026-09-15T06:55:00+00:00,30.015,30.018,30.002,30.01,75
2026-09-15T07:00:00+00:00,30.01,30.015,29.987,29.997,640
2026-09-15T07:05:00+00:00,29.997,29.999,29.985,29.99,362
2026-09-15T07:10:00+00:00,29.99,29.992,29.982,29.984,422
2026-09-15T07:15:00+00:00,29.984,30.029,29.974,30.016,616
2026-09-15T07:20:00+00:00,30.016,30.028,29.994,30.011,392
2026-09-15T07:25:00+00:00,30.011,30.014,29.977,29.996,809
2026-09-15T07:30:00+00:00,29.996,30.012,29.97,29.976,516
2026-09-15T07:35:00+00:00,29.976,30.005,29.962,29.997,253
2026-09-15T07:40:00+00:00,29.997,30.017,29.957,29.973,324
2026-09-15T07:45:00+00:00,29.973,29.981,29.942,29.956,668
2026-09-15T07:50:00+00:00,29.956,30.011,29.95,29.987,488
2026-09-15T07:55:00+00:00,29.987,29.997,29.981,29.994,763
2026-09-15T08:00:00+00:00,29.994,30.023,29.984,30.014,681
2026-09-15T08:05:00+00:00,30.014,30.056,29.998,30.046,404
2026-09-15T08:10:00+00:00,30.046,30.054,30.021,30.026,662
2026-09-15T08:15:00+00:00,30.026,30.06,30.014,30.048,726
2026-09-15T08:20:00+00:00,30.048,30.052,30.019,30.032,284
2026-09-15T08:25:00+00:00,30.032,30.044,30.022,30.028,686
2026-09-15T08:30:00+00:00,30.028,30.05,30.024,30.031,466
2026-09-15T08:35:00+00:00,30.031,30.066,30.019,30.049,327
2026-09-15T08:40:00+00:00,30.049,30.084,30.038,30.073,1054
2026-09-15T08:45:00+00:00,30.073,30.079,30.047,30.069,27
2026-09-15T08:50:00+00:00,30.069,30.101,30.067,30.079,674
2026-09-15T08:55:00+00:00,30.079,30.085,30.053,30.067,544
2026-09-15T09:00:00+00:00,30.067,30.107,30.048,30.089,522
2026-09-15T09:05:00+00:00,30.089,30.105,30.074,30.095,360
2026-09-15T09:10:00+00:00,30.095,30.126,30.088,30.111,247
2026-09-15T09:15:00+00:00,30.111,30.129,30.103,30.113,824
2026-09-15T09:20:00+00:00,30.113,30.144,30.106,30.125,970
2026-09-15T09:25:00+00:00,30.125,30.15,30.116,30.137,545
2026-09-15T09:30:00+00:00,30.137,30.144,30.136,30.136,450
2026-09-15T09:35:00+00:00,30.136,30.157,30.13,30.152,640
2026-09-15T09:40:00+00:00,30.152,30.161,30.138,30.142,412
2026-09-15T09:45:00+00:00,30.142,30.16,30.086,30.104,590
2026-09-15T09:50:00+00:00,30.104,30.116,30.08,30.088,423
2026-09-15T09:55:00+00:00,30.088,30.093,30.086,30.087,415
2026-09-15T10:00:00+00:00,30.087,30.107,30.054,30.065,485
2026-09-15T10:05:00+00:00,30.065,30.07,30.053,30.063,367
2026-09-15T10:10:00+00:00,30.063,30.083,30.058,30.074,751
2026-09-15T10:15:00+00:00,30.074,30.09,30.05,30.086,674
2026-09-15T10:20:00+00:00,30.086,30.111,30.073,30.103,594
2026-09-15T10:25:00+00:00,30.103,30.11,30.092,30.097,346
2026-09-15T10:30:00+00:00,30.097,30.137,30.085,30.116,577
2026-09-15T10:35:00+00:00,30.116,30.143,30.083,30.092,185
2026-09-15T10:40:00+00:00,30.092,30.103,30.079,30.099,393
2026-09-15T10:45:00+00:00,30.099,30.124,30.086,30.116,866
2026-09-15T10:50:00+00:00,30.116,30.121,30.106,30.108,598
2026-09-15T10:55:00+00:00,30.108,30.132,30.048,30.058,553
2026-09-15T11:00:00+00:00,30.058,30.077,30.036,30.049,528
2026-09-15T11:05:00+00:00,30.049,30.074,30.042,30.057,608
2026-09-15T11:10:00+00:00,30.057,30.086,30.054,30.072,269
2026-09-15T11:15:00+00:00,30.072,30.081,30.048,30.056,862
2026-09-15T11:20:00+00:00,30.056,30.076,30.042,30.048,326
2026-09-15T11:25:00+00:00,30.048,30.056,30.017,30.029,719
2026-09-15T11:30:00+00:00,30.029,30.043,30.017,30.032,541
2026-09-15T11:35:00+00:00,30.032,30.036,30.001,30.018,393
2026-09-15T11:40:00+00:00,30.018,30.045,30.011,30.039,717
2026-09-15T11:45:00+00:00,30.039,30.067,30.023,30.053,702
2026-09-15T11:50:00+00:00,30.053,30.07,30.041,30.065,570
2026-09-15T11:55:00+00:00,30.065,30.075,30.061,30.068,292
2026-09-15T12:00:00+00:00,30.068,30.09,30.041,30.081,414
2026-09-15T12:05:00+00:00,30.081,30.129,30.066,30.098,565
2026-09-15T12:10:00+00:00,30.098,30.115,30.065,30.084,949
2026-09-15T12:15:00+00:00,30.084,30.091,30.046,30.063,619
2026-09-15T12:20:00+00:00,30.063,30.066,30.061,30.062,582
2026-09-15T12:25:00+00:00,30.062,30.082,30.049,30.067,1091
2026-09-15T12:30:00+00:00,30.067,30.105,30.056,30.088,914
2026-09-15T12:35:00+00:00,30.088,30.103,30.034,30.046,309
2026-09-15T12:40:00+00:00,30.046,30.058,30.033,30.049,686
2026-09-15T12:45:00+00:00,30.049,30.062,30.044,30.048,357
2026-09-15T12:50:00+00:00,30.048,30.049,30.042,30.047,841
2026-09-15T12:55:00+00:00,30.047,30.067,30.041,30.055,625
2026-09-15T13:00:00+00:00,30.055,30.07,30.034,30.043,328
2026-09-15T13:05:00+00:00,30.043,30.048,30.008,30.02,604
2026-09-15T13:10:00+00:00,30.02,30.034,30.013,30.031,1181
2026-09-15T13:15:00+00:00,30.031,30.037,30.017,30.024,477
2026-09-15T13:20:00+00:00,30.024,30.049,29.979,29.997,672
2026-09-15T13:25:00+00:00,29.997,30.007,29.962,29.978,801
2026-09-15T13:30:00+00:00,29.978,29.991,29.889,29.915,809
2026-09-15T13:35:00+00:00,29.915,29.919,29.907,29.909,809
2026-09-15T13:40:00+00:00,29.909,29.936,29.906,29.918,784
2026-09-15T13:45:00+00:00,29.918,29.924,29.895,29.904,583
2026-09-15T13:50:00+00:00,29.904,29.924,29.902,29.903,574
2026-09-15T13:55:00+00:00,29.903,29.921,29.878,29.906,807
2026-09-15T14:00:00+00:00,29.906,29.917,29.903,29.904,824
2026-09-15T14:05:00+00:00,29.904,29.906,29.889,29.898,989
2026-09-15T14:10:00+00:00,29.898,29.901,29.889,29.897,678
2026-09-15T14:15:00+00:00,29.897,29.901,29.894,29.9,1050
2026-09-15T14:20:00+00:00,29.9,29.908,29.843,29.875,778
2026-09-15T14:25:00+00:00,29.875,29.925,29.853,29.903,444
2026-09-15T14:30:00+00:00,29.903,29.906,29.881,29.901,812
2026-09-15T14:35:00+00:00,29.901,29.921,29.897,29.909,688
2026-09-15T14:40:00+00:00,29.909,29.955,29.895,29.941,305
2026-09-15T14:45:00+00:00,29.941,29.959,29.935,29.954,742
2026-09-15T14:50:00+00:00,29.954,29.974,29.951,29.959,709
2026-09-15T14:55:00+00:00,29.959,29.987,29.94,29.979,961
2026-09-15T15:00:00+00:00,29.979,29.991,29.961,29.971,525
2026-09-15T15:05:00+00:00,29.971,29.989,29.95,29.982,638
2026-09-15T15:10:00+00:00,29.982,29.991,29.965,29.986,439
2026-09-15T15:15:00+00:00,29.986,29.99,29.977,29.982,470
2026-09-15T15:20:00+00:00,29.982,30.003,29.973,29.998,531
2026-09-15T15:25:00+00:00,29.998,30.033,29.987,30.02,418
2026-09-15T15:30:00+00:00,30.02,30.023,30.006,30.014,405
2026-09-15T15:35:00+00:00,30.014,30.046,29.97,29.983,552
2026-09-15T15:40:00+00:00,29.983,30.005,29.979,30.0,594
2026-09-15T15:45:00+00:00,30.0,30.03,29.993,30.016,606
2026-09-15T15:50:00+00:00,30.016,30.037,29.98,30.002,571
2026-09-15T15:55:00+00:00,30.002,30.015,29.996,30.002,238
2026-09-15T16:00:00+00:00,30.002,30.049,29.983,30.024,515
2026-09-15T16:05:00+00:00,30.024,30.058,30.003,30.049,167
2026-09-15T16:10:00+00:00,30.049,30.053,30.039,30.046,508
2026-09-15T16:15:00+00:00,30.046,30.051,30.036,30.043,566
2026-09-15T16:20:00+00:00,30.043,30.057,30.021,30.029,531
2026-09-15T16:25:00+00:00,30.029,30.035,30.014,30.024,654
2026-09-15T16:30:00+00:00,30.024,30.033,30.017,30.029,341
2026-09-15T16:35:00+00:00,30.029,30.057,30.024,30.05,551
2026-09-15T16:40:00+00:00,30.05,30.069,30.033,30.06,688
2026-09-15T16:45:00+00:00,30.06,30.076,30.02,30.028,439
2026-09-15T16:50:00+00:00,30.028,30.047,30.011,30.043,672
2026-09-15T16:55:00+00:00,30.043,30.053,30.034,30.037,488
2026-09-15T17:00:00+00:00,30.037,30.053,30.027,30.048,612
2026-09-15T17:05:00+00:00,30.048,30.07,30.042,30.056,249
2026-09-15T17:10:00+00:00,30.056,30.061,30.044,30.052,570
2026-09-15T17:15:00+00:00,30.052,30.112,30.04,30.093,455
2026-09-15T17:20:00+00:00,30.093,30.131,30.086,30.113,686
2026-09-15T17:25:00+00:00,30.113,30.139,30.103,30.128,542
2026-09-15T17:30:00+00:00,30.128,30.17,30.119,30.157,417
2026-09-15T17:35:00+00:00,30.157,30.159,30.139,30.151,501
2026-09-15T17:40:00+00:00,30.151,30.168,30.141,30.159,330
2026-09-15T17:45:00+00:00,30.159,30.186,30.146,30.178,479
2026-09-15T17:50:00+00:00,30.178,30.184,30.175,30.178,691
2026-09-15T17:55:00+00:00,30.178,30.187,30.171,30.179,446
2026-09-15T18:00:00+00:00,30.179,30.213,30.171,30.206,321
2026-09-15T18:05:00+00:00,30.206,30.219,30.161,30.178,371
2026-09-15T18:10:00+00:00,30.178,30.196,30.173,30.192,425
2026-09-15T18:15:00+00:00,30.192,30.213,30.183,30.196,456
2026-09-15T18:20:00+00:00,30.196,30.211,30.194,30.203,724
2026-09-15T18:25:00+00:00,30.203,30.207,30.186,30.205,655
2026-09-15T18:30:00+00:00,30.205,30.208,30.191,30.204,471
2026-09-15T18:35:00+00:00,30.204,30.22,30.202,30.208,351
2026-09-15T18:40:00+00:00,30.208,30.222,30.205,30.209,197
2026-09-15T18:45:00+00:00,30.209,30.211,30.185,30.206,501
2026-09-15T18:50:00+00:00,30.206,30.23,30.199,30.224,444
2026-09-15T18:55:00+00:00,30.224,30.227,30.211,30.224,749
2026-09-15T19:00:00+00:00,30.224,30.231,30.205,30.219,528
2026-09-15T19:05:00+00:00,30.219,30.222,30.203,30.217,361
2026-09-15T19:10:00+00:00,30.217,30.235,30.213,30.228,521
2026-09-15T19:15:00+00:00,30.228,30.232,30.19,30.206,640
2026-09-15T19:20:00+00:00,30.206,30.217,30.2,30.204,114
2026-09-15T19:25:00+00:00,30.204,30.214,30.196,30.21,513
2026-09-15T19:30:00+00:00,30.21,30.217,30.19,30.199,354
2026-09-15T19:35:00+00:00,30.199,30.233,30.181,30.227,601
2026-09-15T19:40:00+00:00,30.227,30.235,30.218,30.23,738
2026-09-15T19:45:00+00:00,30.23,30.237,30.223,30.225,606
2026-09-15T19:50:00+00:00,30.225,30.231,30.209,30.213,284
2026-09-15T19:55:00+00:00,30.213,30.224,30.158,30.176,655
2026-09-15T20:00:00+00:00,30.176,30.196,30.162,30.19,417
2026-09-15T20:05:00+00:00,30.19,30.202,30.176,30.186,46
2026-09-15T20:10:00+00:00,30.186,30.188,30.174,30.18,588
2026-09-15T20:15:00+00:00,30.18,30.188,30.175,30.176,156
2026-09-15T20:20:00+00:00,30.176,30.194,30.165,30.18,269
2026-09-15T20:25:00+00:00,30.18,30.202,30.176,30.193,580
2026-09-15T20:30:00+00:00,30.193,30.231,30.188,30.221,289
2026-09-15T20:35:00+00:00,30.221,30.24,30.214,30.223,246
2026-09-15T20:40:00+00:00,30.223,30.226,30.212,30.217,411
2026-09-15T20:45:00+00:00,30.217,30.226,30.206,30.212,484
2026-09-15T20:50:00+00:00,30.212,30.223,30.197,30.208,492
2026-09-15T20:55:00+00:00,30.208,30.225,30.202,30.214,467
2026-09-15T21:00:00+00:00,30.214,30.223,30.206,30.218,676
2026-09-15T21:05:00+00:00,30.218,30.223,30.187,30.205,258
2026-09-15T21:10:00+00:00,30.205,30.225,30.193,30.221,304
2026-09-15T21:15:00+00:00,30.221,30.226,30.197,30.206,292
2026-09-15T21:20:00+00:00,30.206,30.214,30.185,30.19,457
2026-09-15T21:25:00+00:00,30.19,30.205,30.187,30.198,421
2026-09-15T21:30:00+00:00,30.198,30.208,30.178,30.186,533
2026-09-15T21:35:00+00:00,30.186,30.208,30.18,30.203,311
2026-09-15T21:40:00+00:00,30.203,30.22,30.186,30.212,669
2026-09-15T21:45:00+00:00,30.212,30.222,30.206,30.216,403
2026-09-15T21:50:00+00:00,30.216,30.243,30.213,30.228,396
2026-09-15T21:55:00+00:00,30.228,30.244,30.225,30.239,423
2026-09-15T22:00:00+00:00,30.239,30.247,30.236,30.238,448
2026-09-15T22:05:00+00:00,30.238,30.262,30.225,30.254,370
2026-09-15T22:10:00+00:00,30.254,30.269,30.246,30.255,50
2026-09-15T22:15:00+00:00,30.255,30.262,30.252,30.255,401
2026-09-15T22:20:00+00:00,30.255,30.262,30.253,30.254,287
2026-09-15T22:25:00+00:00,30.254,30.262,30.249,30.26,357
2026-09-15T22:30:00+00:00,30.26,30.282,30.255,30.271,195
2026-09-15T22:35:00+00:00,30.271,30.293,30.266,30.279,423
2026-09-15T22:40:00+00:00,30.279,30.287,30.27,30.272,342
2026-09-15T22:45:00+00:00,30.272,30.277,30.249,30.256,321
2026-09-15T22:50:00+00:00,30.256,30.259,30.254,30.258,450
2026-09-15T22:55:00+00:00,30.258,30.267,30.24,30.253,188
2026-09-15T23:00:00+00:00,30.253,30.255,30.235,30.243,197
2026-09-15T23:05:00+00:00,30.243,30.254,30.238,30.246,410
2026-09-15T23:10:00+00:00,30.246,30.262,30.233,30.251,107
2026-09-15T23:15:00+00:00,30.251,30.254,30.246,30.247,112
2026-09-15T23:20:00+00:00,30.247,30.252,30.244,30.251,399
2026-09-15T23:25:00+00:00,30.251,30.261,30.237,30.24,57
2026-09-15T23:30:00+00:00,30.24,30.249,30.229,30.235,178
2026-09-15T23:35:00+00:00,30.235,30.25,30.23,30.246,137
2026-09-15T23:40:00+00:00,30.246,30.252,30.241,30.249,214
2026-09-15T23:45:00+00:00,30.249,30.27,30.242,30.259,387
2026-09-15T23:50:00+00:00,30.259,30.283,30.255,30.276,267
2026-09-15T23:55:00+00:00,30.276,30.3,30.271,30.287,412
2026-09-16T00:00:00+00:00,30.287,30.299,30.283,30.296,333
2026-09-16T00:05:00+00:00,30.296,30.309,30.292,30.3,307
2026-09-16T00:10:00+00:00,30.3,30.312,30.295,30.297,389
2026-09-16T00:15:00+00:00,30.297,30.309,30.277,30.282,170
2026-09-16T00:20:00+00:00,30.282,30.319,30.275,30.307,365
2026-09-16T00:25:00+00:00,30.307,30.31,30.296,30.307,187
2026-09-16T00:30:00+00:00,30.307,30.314,30.301,30.307,185
2026-09-16T00:35:00+00:00,30.307,30.308,30.303,30.307,246
2026-09-16T00:40:00+00:00,30.307,30.316,30.28,30.289,351
2026-09-16T00:45:00+00:00,30.289,30.294,30.283,30.293,367
2026-09-16T00:50:00+00:00,30.293,30.309,30.291,30.299,367
2026-09-16T00:55:00+00:00,30.299,30.315,30.295,30.309,308
2026-09-16T01:00:00+00:00,30.309,30.315,30.301,30.304,168
2026-09-16T01:05:00+00:00,30.304,30.309,30.297,30.303,409
2026-09-16T01:10:00+00:00,30.303,30.307,30.299,30.3,450
2026-09-16T01:15:00+00:00,30.3,30.304,30.29,30.293,190
2026-09-16T01:20:00+00:00,30.293,30.304,30.288,30.302,306
2026-09-16T01:25:00+00:00,30.302,30.324,30.291,30.32,106
2026-09-16T01:30:00+00:00,30.32,30.336,30.316,30.332,244
2026-09-16T01:35:00+00:00,30.332,30.336,30.323,30.331,350
2026-09-16T01:40:00+00:00,30.331,30.338,30.329,30.332,348
2026-09-16T01:45:00+00:00,30.332,30.344,30.324,30.337,216
2026-09-16T01:50:00+00:00,30.337,30.356,30.331,30.349,236
2026-09-16T01:55:00+00:00,30.349,30.37,30.34,30.366,195
2026-09-16T02:00:00+00:00,30.366,30.402,30.356,30.386,463
2026-09-16T02:05:00+00:00,30.386,30.388,30.374,30.382,46
2026-09-16T02:10:00+00:00,30.382,30.395,30.381,30.387,183
2026-09-16T02:15:00+00:00,30.387,30.399,30.364,30.372,482
2026-09-16T02:20:00+00:00,30.372,30.386,30.37,30.38,256
2026-09-16T02:25:00+00:00,30.38,30.385,30.375,30.377,360
2026-09-16T02:30:00+00:00,30.377,30.385,30.355,30.363,379
2026-09-16T02:35:00+00:00,30.363,30.372,30.332,30.34,181
2026-09-16T02:40:00+00:00,30.34,30.347,30.338,30.345,288
2026-09-16T02:45:00+00:00,30.345,30.348,30.334,30.338,313
2026-09-16T02:50:00+00:00,30.338,30.347,30.333,30.342,322
2026-09-16T02:55:00+00:00,30.342,30.352,30.337,30.339,294
2026-09-16T03:00:00+00:00,30.339,30.347,30.335,30.337,277
2026-09-16T03:05:00+00:00,30.337,30.341,30.322,30.326,241
2026-09-16T03:10:00+00:00,30.326,30.332,30.325,30.326,147
2026-09-16T03:15:00+00:00,30.326,30.333,30.315,30.319,301
2026-09-16T03:20:00+00:00,30.319,30.329,30.309,30.311,399
2026-09-16T03:25:00+00:00,30.311,30.313,30.294,30.303,393
2026-09-16T03:30:00+00:00,30.303,30.312,30.283,30.294,260
2026-09-16T03:35:00+00:00,30.294,30.31,30.291,30.301,276
2026-09-16T03:40:00+00:00,30.301,30.314,30.277,30.287,304
2026-09-16T03:45:00+00:00,30.287,30.296,30.283,30.291,229
2026-09-16T03:50:00+00:00,30.291,30.301,30.288,30.296,376
2026-09-16T03:55:00+00:00,30.296,30.301,30.291,30.292,187
2026-09-16T04:00:00+00:00,30.292,30.301,30.289,30.296,452
2026-09-16T04:05:00+00:00,30.296,30.299,30.273,30.281,158
2026-09-16T04:10:00+00:00,30.281,30.3,30.278,30.291,249
2026-09-16T04:15:00+00:00,30.291,30.304,30.286,30.301,314
2026-09-16T04:20:00+00:00,30.301,30.303,30.296,30.301,360
2026-09-16T04:25:00+00:00,30.301,30.32,30.297,30.313,202
2026-09-16T04:30:00+00:00,30.313,30.323,30.302,30.315,346
2026-09-16T04:35:00+00:00,30.315,30.318,30.301,30.312,343
2026-09-16T04:40:00+00:00,30.312,30.331,30.299,30.318,151
2026-09-16T04:45:00+00:00,30.318,30.324,30.314,30.319,192
2026-09-16T04:50:00+00:00,30.319,30.33,30.298,30.309,264
2026-09-16T04:55:00+00:00,30.309,30.317,30.3,30.306,245
2026-09-16T05:00:00+00:00,30.306,30.313,30.303,30.311,400
2026-09-16T05:05:00+00:00,30.311,30.315,30.308,30.312,344
2026-09-16T05:10:00+00:00,30.312,30.321,30.296,30.302,272
2026-09-16T05:15:00+00:00,30.302,30.31,30.29,30.296,198
2026-09-16T05:20:00+00:00,30.296,30.302,30.284,30.3,206
2026-09-16T05:25:00+00:00,30.3,30.309,30.294,30.307,187
2026-09-16T05:30:00+00:00,30.307,30.309,30.301,30.309,482
2026-09-16T05:35:00+00:00,30.309,30.31,30.299,30.302,210
2026-09-16T05:40:00+00:00,30.302,30.313,30.296,30.312,228
2026-09-16T05:45:00+00:00,30.312,30.32,30.305,30.308,228
2026-09-16T05:50:00+00:00,30.308,30.318,30.306,30.315,305
2026-09-16T05:55:00+00:00,30.315,30.32,30.299,30.305,349
2026-09-16T06:00:00+00:00,30.305,30.309,30.293,30.295,324
2026-09-16T06:05:00+00:00,30.295,30.303,30.286,30.298,359
2026-09-16T06:10:00+00:00,30.298,30.318,30.288,30.312,296
2026-09-16T06:15:00+00:00,30.312,30.317,30.311,30.313,412
2026-09-16T06:20:00+00:00,30.313,30.327,30.303,30.307,265
2026-09-16T06:25:00+00:00,30.307,30.31,30.293,30.301,353
2026-09-16T06:30:00+00:00,30.301,30.304,30.286,30.291,329
2026-09-16T06:35:00+00:00,30.291,30.315,30.28,30.308,487
2026-09-16T06:40:00+00:00,30.308,30.322,30.303,30.312,293
2026-09-16T06:45:00+00:00,30.312,30.33,30.304,30.327,136
2026-09-16T06:50:00+00:00,30.327,30.332,30.318,30.321,302
2026-09-16T06:55:00+00:00,30.321,30.326,30.305,30.308,173
2026-09-16T07:00:00+00:00,30.308,30.346,30.289,30.331,538
2026-09-16T07:05:00+00:00,30.331,30.351,30.3,30.322,576
2026-09-16T07:10:00+00:00,30.322,30.326,30.303,30.313,433
2026-09-16T07:15:00+00:00,30.313,30.345,30.295,30.331,885
2026-09-16T07:20:00+00:00,30.331,30.337,30.32,30.322,324
2026-09-16T07:25:00+00:00,30.322,30.33,30.317,30.318,336
2026-09-16T07:30:00+00:00,30.318,30.33,30.311,30.326,528
2026-09-16T07:35:00+00:00,30.326,30.34,30.32,30.326,280
2026-09-16T07:40:00+00:00,30.326,30.34,30.321,30.337,240
2026-09-16T07:45:00+00:00,30.337,30.343,30.331,30.342,402
2026-09-16T07:50:00+00:00,30.342,30.368,30.327,30.354,240
2026-09-16T07:55:00+00:00,30.354,30.39,30.335,30.369,574
2026-09-16T08:00:00+00:00,30.369,30.376,30.361,30.372,612
2026-09-16T08:05:00+00:00,30.372,30.382,30.362,30.374,297
2026-09-16T08:10:00+00:00,30.374,30.411,30.352,30.39,902
2026-09-16T08:15:00+00:00,30.39,30.395,30.379,30.384,431
2026-09-16T08:20:00+00:00,30.384,30.407,30.367,30.403,379
2026-09-16T08:25:00+00:00,30.403,30.433,30.398,30.419,208
2026-09-16T08:30:00+00:00,30.419,30.43,30.392,30.397,348
2026-09-16T08:35:00+00:00,30.397,30.426,30.393,30.418,304
2026-09-16T08:40:00+00:00,30.418,30.433,30.403,30.422,601
2026-09-16T08:45:00+00:00,30.422,30.428,30.404,30.412,600
2026-09-16T08:50:00+00:00,30.412,30.421,30.385,30.393,474
2026-09-16T08:55:00+00:00,30.393,30.438,30.38,30.41,671
2026-09-16T09:00:00+00:00,30.41,30.418,30.399,30.414,265
2026-09-16T09:05:00+00:00,30.414,30.451,30.404,30.439,477
2026-09-16T09:10:00+00:00,30.439,30.445,30.43,30.442,663
2026-09-16T09:15:00+00:00,30.442,30.45,30.417,30.422,560
2026-09-16T09:20:00+00:00,30.422,30.444,30.409,30.429,373
2026-09-16T09:25:00+00:00,30.429,30.441,30.426,30.428,368
2026-09-16T09:30:00+00:00,30.428,30.432,30.394,30.407,814
2026-09-16T09:35:00+00:00,30.407,30.416,30.371,30.386,639
2026-09-16T09:40:00+00:00,30.386,30.419,30.381,30.406,688
2026-09-16T09:45:00+00:00,30.406,30.439,30.4,30.421,770
2026-09-16T09:50:00+00:00,30.421,30.44,30.418,30.433,370
2026-09-16T09:55:00+00:00,30.433,30.44,30.432,30.436,509
2026-09-16T10:00:00+00:00,30.436,30.462,30.423,30.452,342
2026-09-16T10:05:00+00:00,30.452,30.474,30.448,30.464,611
2026-09-16T10:10:00+00:00,30.464,30.469,30.456,30.459,900
2026-09-16T10:15:00+00:00,30.459,30.467,30.444,30.449,502
2026-09-16T10:20:00+00:00,30.449,30.455,30.432,30.445,506
2026-09-16T10:25:00+00:00,30.445,30.46,30.443,30.449,622
2026-09-16T10:30:00+00:00,30.449,30.454,30.439,30.448,395
2026-09-16T10:35:00+00:00,30.448,30.471,30.436,30.443,410
2026-09-16T10:40:00+00:00,30.443,30.45,30.414,30.431,591
2026-09-16T10:45:00+00:00,30.431,30.46,30.417,30.445,959
2026-09-16T10:50:00+00:00,30.445,30.45,30.394,30.42,553
2026-09-16T10:55:00+00:00,30.42,30.44,30.406,30.43,581
2026-09-16T11:00:00+00:00,30.43,30.467,30.423,30.451,441
2026-09-16T11:05:00+00:00,30.451,30.466,30.409,30.417,569
2026-09-16T11:10:00+00:00,30.417,30.423,30.406,30.409,502
2026-09-16T11:15:00+00:00,30.409,30.422,30.372,30.388,678
2026-09-16T11:20:00+00:00,30.388,30.407,30.367,30.372,459
2026-09-16T11:25:00+00:00,30.372,30.377,30.347,30.374,424
2026-09-16T11:30:00+00:00,30.374,30.407,30.37,30.382,427
2026-09-16T11:35:00+00:00,30.382,30.392,30.372,30.377,977
2026-09-16T11:40:00+00:00,30.377,30.401,30.375,30.378,292
2026-09-16T11:45:00+00:00,30.378,30.411,30.367,30.394,657
2026-09-16T11:50:00+00:00,30.394,30.405,30.36,30.381,325
2026-09-16T11:55:00+00:00,30.381,30.41,30.372,30.393,423
2026-09-16T12:00:00+00:00,30.393,30.409,30.364,30.373,423
2026-09-16T12:05:00+00:00,30.373,30.395,30.307,30.351,272
2026-09-16T12:10:00+00:00,30.351,30.367,30.323,30.332,767
2026-09-16T12:15:00+00:00,30.332,30.398,30.314,30.384,843
2026-09-16T12:20:00+00:00,30.384,30.405,30.376,30.397,544
2026-09-16T12:25:00+00:00,30.397,30.407,30.37,30.386,767
2026-09-16T12:30:00+00:00,30.386,30.411,30.373,30.396,665
2026-09-16T12:35:00+00:00,30.396,30.409,30.368,30.378,699
2026-09-16T12:40:00+00:00,30.378,30.388,30.366,30.383,402
2026-09-16T12:45:00+00:00,30.383,30.403,30.376,30.399,103
2026-09-16T12:50:00+00:00,30.399,30.413,30.349,30.365,671
2026-09-16T12:55:00+00:00,30.365,30.382,30.351,30.361,226
2026-09-16T13:00:00+00:00,30.361,30.384,30.295,30.309,612
2026-09-16T13:05:00+00:00,30.309,30.315,30.271,30.301,749
2026-09-16T13:10:00+00:00,30.301,30.322,30.3,30.31,991
2026-09-16T13:15:00+00:00,30.31,30.343,30.29,30.322,599
2026-09-16T13:20:00+00:00,30.322,30.374,30.298,30.358,730
2026-09-16T13:25:00+00:00,30.358,30.372,30.333,30.339,459
2026-09-16T13:30:00+00:00,30.339,30.345,30.316,30.33,409
2026-09-16T13:35:00+00:00,30.33,30.343,30.301,30.31,1025
2026-09-16T13:40:00+00:00,30.31,30.337,30.304,30.326,884
2026-09-16T13:45:00+00:00,30.326,30.361,30.32,30.343,966
2026-09-16T13:50:00+00:00,30.343,30.368,30.339,30.364,159
2026-09-16T13:55:00+00:00,30.364,30.374,30.334,30.343,371
2026-09-16T14:00:00+00:00,30.343,30.361,30.302,30.311,1016
2026-09-16T14:05:00+00:00,30.311,30.327,30.298,30.322,996
2026-09-16T14:10:00+00:00,30.322,30.34,30.295,30.301,727
2026-09-16T14:15:00+00:00,30.301,30.331,30.297,30.307,565
2026-09-16T14:20:00+00:00,30.307,30.315,30.287,30.297,745
2026-09-16T14:25:00+00:00,30.297,30.343,30.274,30.323,793
2026-09-16T14:30:00+00:00,30.323,30.338,30.254,30.274,383
2026-09-16T14:35:00+00:00,30.274,30.298,30.255,30.285,664
2026-09-16T14:40:00+00:00,30.285,30.329,30.276,30.314,781
2026-09-16T14:45:00+00:00,30.314,30.327,30.274,30.291,844
2026-09-16T14:50:00+00:00,30.291,30.312,30.277,30.303,990
2026-09-16T14:55:00+00:00,30.303,30.306,30.294,30.3,493
2026-09-16T15:00:00+00:00,30.3,30.301,30.293,30.299,371
2026-09-16T15:05:00+00:00,30.299,30.305,30.287,30.295,552
2026-09-16T15:10:00+00:00,30.295,30.301,30.289,30.296,645
2026-09-16T15:15:00+00:00,30.296,30.348,30.272,30.331,281
2026-09-16T15:20:00+00:00,30.331,30.333,30.321,30.324,37
2026-09-16T15:25:00+00:00,30.324,30.344,30.32,30.335,1098
2026-09-16T15:30:00+00:00,30.335,30.347,30.332,30.334,638
2026-09-16T15:35:00+00:00,30.334,30.357,30.328,30.329,587
2026-09-16T15:40:00+00:00,30.329,30.355,30.319,30.346,729
2026-09-16T15:45:00+00:00,30.346,30.35,30.328,30.333,804
2026-09-16T15:50:00+00:00,30.333,30.336,30.3,30.321,585
2026-09-16T15:55:00+00:00,30.321,30.323,30.313,30.322,561
2026-09-16T16:00:00+00:00,30.322,30.335,30.303,30.311,785
2026-09-16T16:05:00+00:00,30.311,30.328,30.3,30.303,118
2026-09-16T16:10:00+00:00,30.303,30.312,30.296,30.302,602
2026-09-16T16:15:00+00:00,30.302,30.321,30.298,30.304,512
2026-09-16T16:20:00+00:00,30.304,30.314,30.286,30.29,547
2026-09-16T16:25:00+00:00,30.29,30.294,30.276,30.288,594
2026-09-16T16:30:00+00:00,30.288,30.302,30.283,30.285,390
2026-09-16T16:35:00+00:00,30.285,30.299,30.275,30.289,362
2026-09-16T16:40:00+00:00,30.289,30.333,30.268,30.322,305
2026-09-16T16:45:00+00:00,30.322,30.343,30.298,30.312,599
2026-09-16T16:50:00+00:00,30.312,30.334,30.283,30.294,530
2026-09-16T16:55:00+00:00,30.294,30.312,30.29,30.3,903
2026-09-16T17:00:00+00:00,30.3,30.308,30.266,30.29,438
2026-09-16T17:05:00+00:00,30.29,30.303,30.288,30.29,495
2026-09-16T17:10:00+00:00,30.29,30.3,30.254,30.272,684
2026-09-16T17:15:00+00:00,30.272,30.286,30.266,30.27,611
2026-09-16T17:20:00+00:00,30.27,30.286,30.244,30.249,363
2026-09-16T17:25:00+00:00,30.249,30.265,30.244,30.259,704
2026-09-16T17:30:00+00:00,30.259,30.275,30.238,30.245,281
2026-09-16T17:35:00+00:00,30.245,30.26,30.221,30.225,639
2026-09-16T17:40:00+00:00,30.225,30.247,30.211,30.24,477
2026-09-16T17:45:00+00:00,30.24,30.254,30.204,30.217,425
2026-09-16T17:50:00+00:00,30.217,30.225,30.198,30.209,185
2026-09-16T17:55:00+00:00,30.209,30.219,30.194,30.2,788
2026-09-16T18:00:00+00:00,30.2,30.226,30.193,30.214,315
2026-09-16T18:05:00+00:00,30.214,30.222,30.165,30.191,445
2026-09-16T18:10:00+00:00,30.191,30.196,30.178,30.183,576
2026-09-16T18:15:00+00:00,30.183,30.192,30.165,30.176,453
2026-09-16T18:20:00+00:00,30.176,30.179,30.163,30.168,691
2026-09-16T18:25:00+00:00,30.168,30.186,30.155,30.181,311
2026-09-16T18:30:00+00:00,30.181,30.194,30.144,30.153,699
2026-09-16T18:35:00+00:00,30.153,30.18,30.15,30.167,768
2026-09-16T18:40:00+00:00,30.167,30.181,30.161,30.166,503
2026-09-16T18:45:00+00:00,30.166,30.185,30.147,30.155,445
2026-09-16T18:50:00+00:00,30.155,30.174,30.146,30.171,673
2026-09-16T18:55:00+00:00,30.171,30.19,30.161,30.164,517
2026-09-16T19:00:00+00:00,30.164,30.172,30.154,30.162,618
2026-09-16T19:05:00+00:00,30.162,30.165,30.139,30.147,441
2026-09-16T19:10:00+00:00,30.147,30.16,30.127,30.134,416
2026-09-16T19:15:00+00:00,30.134,30.194,30.128,30.167,590
2026-09-16T19:20:00+00:00,30.167,30.168,30.158,30.168,856
2026-09-16T19:25:00+00:00,30.168,30.208,30.152,30.194,462
2026-09-16T19:30:00+00:00,30.194,30.208,30.189,30.205,783
2026-09-16T19:35:00+00:00,30.205,30.218,30.199,30.202,383
2026-09-16T19:40:00+00:00,30.202,30.211,30.197,30.204,625
2026-09-16T19:45:00+00:00,30.204,30.208,30.188,30.196,240
2026-09-16T19:50:00+00:00,30.196,30.225,30.182,30.204,345
2026-09-16T19:55:00+00:00,30.204,30.214,30.156,30.17,818
2026-09-16T20:00:00+00:00,30.17,30.186,30.168,30.173,319
2026-09-16T20:05:00+00:00,30.173,30.183,30.16,30.17,487
2026-09-16T20:10:00+00:00,30.17,30.185,30.16,30.18,307
2026-09-16T20:15:00+00:00,30.18,30.201,30.166,30.192,503
2026-09-16T20:20:00+00:00,30.192,30.213,30.183,30.205,481
2026-09-16T20:25:00+00:00,30.205,30.211,30.191,30.199,460
2026-09-16T20:30:00+00:00,30.199,30.22,30.155,30.169,430
2026-09-16T20:35:00+00:00,30.169,30.181,30.169,30.171,500
2026-09-16T20:40:00+00:00,30.171,30.18,30.158,30.168,420
2026-09-16T20:45:00+00:00,30.168,30.176,30.161,30.175,417
2026-09-16T20:50:00+00:00,30.175,30.178,30.154,30.167,624
2026-09-16T20:55:00+00:00,30.167,30.194,30.15,30.181,393
2026-09-16T21:00:00+00:00,30.181,30.187,30.158,30.164,289
2026-09-16T21:05:00+00:00,30.164,30.19,30.157,30.185,309
2026-09-16T21:10:00+00:00,30.185,30.191,30.172,30.177,590
2026-09-16T21:15:00+00:00,30.177,30.188,30.153,30.156,515
2026-09-16T21:20:00+00:00,30.156,30.164,30.127,30.131,213
2026-09-16T21:25:00+00:00,30.131,30.136,30.125,30.128,328
2026-09-16T21:30:00+00:00,30.128,30.14,30.124,30.134,493
2026-09-16T21:35:00+00:00,30.134,30.143,30.128,30.141,228
2026-09-16T21:40:00+00:00,30.141,30.151,30.118,30.131,377
2026-09-16T21:45:00+00:00,30.131,30.144,30.118,30.121,445
2026-09-16T21:50:00+00:00,30.121,30.134,30.119,30.126,390
2026-09-16T21:55:00+00:00,30.126,30.137,30.101,30.115,481
2026-09-16T22:00:00+00:00,30.115,30.119,30.108,30.119,171
2026-09-16T22:05:00+00:00,30.119,30.143,30.111,30.135,486
2026-09-16T22:10:00+00:00,30.135,30.155,30.131,30.149,530
2026-09-16T22:15:00+00:00,30.149,30.164,30.108,30.123,644
2026-09-16T22:20:00+00:00,30.123,30.127,30.111,30.117,502
2026-09-16T22:25:00+00:00,30.117,30.162,30.11,30.151,174
2026-09-16T22:30:00+00:00,30.151,30.176,30.146,30.165,313
2026-09-16T22:35:00+00:00,30.165,30.175,30.164,30.165,673
2026-09-16T22:40:00+00:00,30.165,30.174,30.16,30.171,346
2026-09-16T22:45:00+00:00,30.171,30.178,30.134,30.143,68
2026-09-16T22:50:00+00:00,30.143,30.148,30.132,30.135,308
2026-09-16T22:55:00+00:00,30.135,30.156,30.129,30.151,486
2026-09-16T23:00:00+00:00,30.151,30.154,30.144,30.151,394
2026-09-16T23:05:00+00:00,30.151,30.16,30.15,30.154,232
2026-09-16T23:10:00+00:00,30.154,30.16,30.148,30.151,314
2026-09-16T23:15:00+00:00,30.151,30.165,30.149,30.156,290
2026-09-16T23:20:00+00:00,30.156,30.167,30.133,30.143,380
2026-09-16T23:25:00+00:00,30.143,30.147,30.123,30.132,276
2026-09-16T23:30:00+00:00,30.132,30.157,30.13,30.144,204
2026-09-16T23:35:00+00:00,30.144,30.162,30.139,30.15,193
2026-09-16T23:40:00+00:00,30.15,30.164,30.14,30.154,258
2026-09-16T23:45:00+00:00,30.154,30.165,30.152,30.162,351
2026-09-16T23:50:00+00:00,30.162,30.168,30.14,30.149,88
2026-09-16T23:55:00+00:00,30.149,30.16,30.142,30.156,302
2026-09-17T00:00:00+00:00,30.156,30.158,30.149,30.157,149
2026-09-17T00:05:00+00:00,30.157,30.163,30.156,30.16,248
2026-09-17T00:10:00+00:00,30.16,30.163,30.152,30.159,306
2026-09-17T00:15:00+00:00,30.159,30.161,30.144,30.151,174
2026-09-17T00:20:00+00:00,30.151,30.161,30.122,30.129,34
2026-09-17T00:25:00+00:00,30.129,30.142,30.126,30.132,277
2026-09-17T00:30:00+00:00,30.132,30.143,30.124,30.138,229
2026-09-17T00:35:00+00:00,30.138,30.142,30.129,30.135,321
2026-09-17T00:40:00+00:00,30.135,30.143,30.125,30.128,323
2026-09-17T00:45:00+00:00,30.128,30.13,30.12,30.122,225
2026-09-17T00:50:00+00:00,30.122,30.125,30.121,30.124,221
2026-09-17T00:55:00+00:00,30.124,30.127,30.118,30.121,195
2026-09-17T01:00:00+00:00,30.121,30.141,30.116,30.132,406
2026-09-17T01:05:00+00:00,30.132,30.148,30.128,30.143,477
2026-09-17T01:10:00+00:00,30.143,30.152,30.136,30.148,369
2026-09-17T01:15:00+00:00,30.148,30.179,30.135,30.174,308
2026-09-17T01:20:00+00:00,30.174,30.185,30.17,30.174,374
2026-09-17T01:25:00+00:00,30.174,30.187,30.158,30.16,194
2026-09-17T01:30:00+00:00,30.16,30.167,30.13,30.141,307
2026-09-17T01:35:00+00:00,30.141,30.152,30.14,30.144,322
2026-09-17T01:40:00+00:00,30.144,30.147,30.125,30.134,416
2026-09-17T01:45:00+00:00,30.134,30.146,30.13,30.139,335
2026-09-17T01:50:00+00:00,30.139,30.151,30.138,30.143,349
2026-09-17T01:55:00+00:00,30.143,30.159,30.14,30.149,237
2026-09-17T02:00:00+00:00,30.149,30.159,30.129,30.136,270
2026-09-17T02:05:00+00:00,30.136,30.144,30.132,30.137,330
2026-09-17T02:10:00+00:00,30.137,30.153,30.134,30.151,283
2026-09-17T02:15:00+00:00,30.151,30.155,30.135,30.143,201
2026-09-17T02:20:00+00:00,30.143,30.15,30.126,30.13,354
2026-09-17T02:25:00+00:00,30.13,30.139,30.128,30.133,266
2026-09-17T02:30:00+00:00,30.133,30.152,30.123,30.135,335
2026-09-17T02:35:00+00:00,30.135,30.14,30.131,30.137,337
2026-09-17T02:40:00+00:00,30.137,30.138,30.123,30.129,387
2026-09-17T02:45:00+00:00,30.129,30.139,30.122,30.136,373
2026-09-17T02:50:00+00:00,30.136,30.137,30.131,30.133,262
2026-09-17T02:55:00+00:00,30.133,30.136,30.12,30.123,533
2026-09-17T03:00:00+00:00,30.123,30.124,30.116,30.117,282
2026-09-17T03:05:00+00:00,30.117,30.12,30.112,30.117,208
2026-09-17T03:10:00+00:00,30.117,30.124,30.1,30.11,205
2026-09-17T03:15:00+00:00,30.11,30.117,30.1,30.115,341
2026-09-17T03:20:00+00:00,30.115,30.119,30.088,30.097,255
2026-09-17T03:25:00+00:00,30.097,30.109,30.094,30.103,297
2026-09-17T03:30:00+00:00,30.103,30.11,30.09,30.093,297
2026-09-17T03:35:00+00:00,30.093,30.117,30.085,30.106,422
2026-09-17T03:40:00+00:00,30.106,30.134,30.1,30.129,121
2026-09-17T03:45:00+00:00,30.129,30.15,30.123,30.144,323
2026-09-17T03:50:00+00:00,30.144,30.155,30.142,30.15,156
2026-09-17T03:55:00+00:00,30.15,30.153,30.146,30.147,119
2026-09-17T04:00:00+00:00,30.147,30.154,30.146,30.15,215
2026-09-17T04:05:00+00:00,30.15,30.152,30.138,30.142,410
2026-09-17T04:10:00+00:00,30.142,30.148,30.136,30.139,274
2026-09-17T04:15:00+00:00,30.139,30.145,30.125,30.132,277
2026-09-17T04:20:00+00:00,30.132,30.14,30.117,30.121,392
2026-09-17T04:25:00+00:00,30.121,30.121,30.111,30.117,257
2026-09-17T04:30:00+00:00,30.117,30.12,30.098,30.11,334
2026-09-17T04:35:00+00:00,30.11,30.118,30.106,30.11,385
2026-09-17T04:40:00+00:00,30.11,30.113,30.1,30.107,378
2026-09-17T04:45:00+00:00,30.107,30.124,30.102,30.115,297
2026-09-17T04:50:00+00:00,30.115,30.116,30.112,30.113,336
2026-09-17T04:55:00+00:00,30.113,30.128,30.107,30.124,499
2026-09-17T05:00:00+00:00,30.124,30.143,30.122,30.135,380
2026-09-17T05:05:00+00:00,30.135,30.16,30.131,30.152,191
2026-09-17T05:10:00+00:00,30.152,30.159,30.147,30.155,381
2026-09-17T05:15:00+00:00,30.155,30.164,30.152,30.161,422
2026-09-17T05:20:00+00:00,30.161,30.166,30.157,30.162,379
2026-09-17T05:25:00+00:00,30.162,30.173,30.156,30.163,368
2026-09-17T05:30:00+00:00,30.163,30.172,30.149,30.159,129
2026-09-17T05:35:00+00:00,30.159,30.163,30.149,30.155,426
2026-09-17T05:40:00+00:00,30.155,30.165,30.144,30.161,390
2026-09-17T05:45:00+00:00,30.161,30.168,30.153,30.164,181
2026-09-17T05:50:00+00:00,30.164,30.178,30.162,30.17,260
2026-09-17T05:55:00+00:00,30.17,30.197,30.161,30.19,345
2026-09-17T06:00:00+00:00,30.19,30.214,30.177,30.207,352
2026-09-17T06:05:00+00:00,30.207,30.209,30.181,30.198,131
2026-09-17T06:10:00+00:00,30.198,30.203,30.191,30.196,510
2026-09-17T06:15:00+00:00,30.196,30.207,30.194,30.205,209
2026-09-17T06:20:00+00:00,30.205,30.223,30.204,30.208,280
2026-09-17T06:25:00+00:00,30.208,30.213,30.184,30.188,453
2026-09-17T06:30:00+00:00,30.188,30.197,30.174,30.176,266
2026-09-17T06:35:00+00:00,30.176,30.181,30.158,30.162,432
2026-09-17T06:40:00+00:00,30.162,30.166,30.145,30.147,241
2026-09-17T06:45:00+00:00,30.147,30.15,30.136,30.141,228
2026-09-17T06:50:00+00:00,30.141,30.142,30.135,30.137,343
2026-09-17T06:55:00+00:00,30.137,30.142,30.132,30.133,263
2026-09-17T07:00:00+00:00,30.133,30.148,30.125,30.14,297
2026-09-17T07:05:00+00:00,30.14,30.167,30.134,30.162,534
2026-09-17T07:10:00+00:00,30.162,30.17,30.148,30.166,304
2026-09-17T07:15:00+00:00,30.166,30.184,30.147,30.155,133
2026-09-17T07:20:00+00:00,30.155,30.18,30.147,30.164,573
2026-09-17T07:25:00+00:00,30.164,30.205,30.154,30.177,356
2026-09-17T07:30:00+00:00,30.177,30.19,30.152,30.162,560
2026-09-17T07:35:00+00:00,30.162,30.19,30.143,30.149,738
2026-09-17T07:40:00+00:00,30.149,30.205,30.136,30.184,877
2026-09-17T07:45:00+00:00,30.184,30.196,30.173,30.182,367
2026-09-17T07:50:00+00:00,30.182,30.213,30.168,30.194,596
2026-09-17T07:55:00+00:00,30.194,30.221,30.189,30.217,531
2026-09-17T08:00:00+00:00,30.217,30.235,30.206,30.215,637
2026-09-17T08:05:00+00:00,30.215,30.229,30.212,30.225,567
2026-09-17T08:10:00+00:00,30.225,30.231,30.217,30.222,494
2026-09-17T08:15:00+00:00,30.222,30.227,30.221,30.223,914
2026-09-17T08:20:00+00:00,30.223,30.225,30.221,30.224,598
2026-09-17T08:25:00+00:00,30.224,30.245,30.218,30.219,526
2026-09-17T08:30:00+00:00,30.219,30.222,30.209,30.211,563
2026-09-17T08:35:00+00:00,30.211,30.215,30.184,30.193,514
2026-09-17T08:40:00+00:00,30.193,30.208,30.172,30.205,413
2026-09-17T08:45:00+00:00,30.205,30.224,30.191,30.218,574
2026-09-17T08:50:00+00:00,30.218,30.246,30.202,30.232,687
2026-09-17T08:55:00+00:00,30.232,30.241,30.228,30.238,669
2026-09-17T09:00:00+00:00,30.238,30.244,30.223,30.236,958
2026-09-17T09:05:00+00:00,30.236,30.263,30.208,30.257,433
2026-09-17T09:10:00+00:00,30.257,30.265,30.248,30.25,607
2026-09-17T09:15:00+00:00,30.25,30.256,30.226,30.238,566
2026-09-17T09:20:00+00:00,30.238,30.245,30.231,30.233,527
2026-09-17T09:25:00+00:00,30.233,30.254,30.228,30.233,486
2026-09-17T09:30:00+00:00,30.233,30.255,30.215,30.243,700
2026-09-17T09:35:00+00:00,30.243,30.28,30.233,30.271,261
2026-09-17T09:40:00+00:00,30.271,30.28,30.259,30.263,941
2026-09-17T09:45:00+00:00,30.263,30.275,30.247,30.263,573
2026-09-17T09:50:00+00:00,30.263,30.282,30.248,30.254,388
2026-09-17T09:55:00+00:00,30.254,30.3,30.245,30.291,628
2026-09-17T10:00:00+00:00,30.291,30.307,30.28,30.298,732
2026-09-17T10:05:00+00:00,30.298,30.303,30.273,30.288,486
2026-09-17T10:10:00+00:00,30.288,30.313,30.28,30.303,575
2026-09-17T10:15:00+00:00,30.303,30.36,30.294,30.349,393
2026-09-17T10:20:00+00:00,30.349,30.359,30.339,30.343,233
2026-09-17T10:25:00+00:00,30.343,30.38,30.338,30.364,392
2026-09-17T10:30:00+00:00,30.364,30.405,30.357,30.386,808
2026-09-17T10:35:00+00:00,30.386,30.415,30.377,30.407,493
2026-09-17T10:40:00+00:00,30.407,30.429,30.394,30.418,721
2026-09-17T10:45:00+00:00,30.418,30.419,30.413,30.415,504
2026-09-17T10:50:00+00:00,30.415,30.421,30.402,30.415,546
2026-09-17T10:55:00+00:00,30.415,30.443,30.401,30.434,404
2026-09-17T11:00:00+00:00,30.434,30.438,30.425,30.427,553
2026-09-17T11:05:00+00:00,30.427,30.435,30.408,30.416,403
2026-09-17T11:10:00+00:00,30.416,30.436,30.387,30.41,301
2026-09-17T11:15:00+00:00,30.41,30.413,30.403,30.406,425
2026-09-17T11:20:00+00:00,30.406,30.44,30.401,30.419,491
2026-09-17T11:25:00+00:00,30.419,30.426,30.381,30.397,400
2026-09-17T11:30:00+00:00,30.397,30.418,30.383,30.407,540
2026-09-17T11:35:00+00:00,30.407,30.413,30.37,30.382,471
2026-09-17T11:40:00+00:00,30.382,30.387,30.354,30.363,515
2026-09-17T11:45:00+00:00,30.363,30.385,30.352,30.38,527
2026-09-17T11:50:00+00:00,30.38,30.41,30.376,30.405,554
2026-09-17T11:55:00+00:00,30.405,30.411,30.384,30.397,805
2026-09-17T12:00:00+00:00,30.397,30.416,30.393,30.41,446
2026-09-17T12:05:00+00:00,30.41,30.415,30.372,30.387,910
2026-09-17T12:10:00+00:00,30.387,30.399,30.353,30.363,375
2026-09-17T12:15:00+00:00,30.363,30.366,30.342,30.357,749
2026-09-17T12:20:00+00:00,30.357,30.369,30.332,30.339,995
2026-09-17T12:25:00+00:00,30.339,30.369,30.32,30.348,835
2026-09-17T12:30:00+00:00,30.348,30.426,30.324,30.412,740
2026-09-17T12:35:00+00:00,30.412,30.447,30.4,30.435,819
2026-09-17T12:40:00+00:00,30.435,30.443,30.422,30.432,647
2026-09-17T12:45:00+00:00,30.432,30.433,30.425,30.428,329
2026-09-17T12:50:00+00:00,30.428,30.442,30.4,30.41,784
2026-09-17T12:55:00+00:00,30.41,30.422,30.406,30.408,972
2026-09-17T13:00:00+00:00,30.408,30.419,30.362,30.384,591
2026-09-17T13:05:00+00:00,30.384,30.398,30.333,30.359,410
2026-09-17T13:10:00+00:00,30.359,30.368,30.342,30.354,378
2026-09-17T13:15:00+00:00,30.354,30.393,30.337,30.372,349
2026-09-17T13:20:00+00:00,30.372,30.384,30.351,30.354,1222
2026-09-17T13:25:00+00:00,30.354,30.369,30.326,30.334,997
2026-09-17T13:30:00+00:00,30.334,30.36,30.275,30.285,631
2026-09-17T13:35:00+00:00,30.285,30.295,30.221,30.249,435
2026-09-17T13:40:00+00:00,30.249,30.262,30.237,30.24,988
2026-09-17T13:45:00+00:00,30.24,30.249,30.222,30.244,770
2026-09-17T13:50:00+00:00,30.244,30.251,30.202,30.211,1072
2026-09-17T13:55:00+00:00,30.211,30.221,30.161,30.181,488
2026-09-17T14:00:00+00:00,30.181,30.2,30.166,30.182,469
2026-09-17T14:05:00+00:00,30.182,30.196,30.15,30.16,825
2026-09-17T14:10:00+00:00,30.16,30.179,30.148,30.159,828
2026-09-17T14:15:00+00:00,30.159,30.167,30.15,30.155,834
2026-09-17T14:20:00+00:00,30.155,30.162,30.097,30.117,963
2026-09-17T14:25:00+00:00,30.117,30.121,30.091,30.118,659
2026-09-17T14:30:00+00:00,30.118,30.145,30.052,30.067,823
2026-09-17T14:35:00+00:00,30.067,30.073,30.044,30.061,308
2026-09-17T14:40:00+00:00,30.061,30.067,30.007,30.03,682
2026-09-17T14:45:00+00:00,30.03,30.041,30.027,30.03,339
2026-09-17T14:50:00+00:00,30.03,30.049,29.99,30.02,951
2026-09-17T14:55:00+00:00,30.02,30.029,29.984,29.993,1080
2026-09-17T15:00:00+00:00,29.993,30.01,29.989,29.993,592
2026-09-17T15:05:00+00:00,29.993,30.002,29.948,29.973,495
2026-09-17T15:10:00+00:00,29.973,29.976,29.957,29.963,435
2026-09-17T15:15:00+00:00,29.963,30.001,29.942,29.994,368
2026-09-17T15:20:00+00:00,29.994,30.013,29.941,29.957,486
2026-09-17T15:25:00+00:00,29.957,29.965,29.938,29.941,213
2026-09-17T15:30:00+00:00,29.941,29.947,29.899,29.915,547
2026-09-17T15:35:00+00:00,29.915,29.93,29.899,29.901,554
2026-09-17T15:40:00+00:00,29.901,29.92,29.867,29.888,450
2026-09-17T15:45:00+00:00,29.888,29.901,29.844,29.863,639
2026-09-17T15:50:00+00:00,29.863,29.868,29.842,29.853,646
2026-09-17T15:55:00+00:00,29.853,29.876,29.845,29.869,474
2026-09-17T16:00:00+00:00,29.869,29.884,29.86,29.879,508
2026-09-17T16:05:00+00:00,29.879,29.893,29.858,29.867,467
2026-09-17T16:10:00+00:00,29.867,29.871,29.849,29.855,727
2026-09-17T16:15:00+00:00,29.855,29.906,29.831,29.892,576
2026-09-17T16:20:00+00:00,29.892,29.894,29.888,29.89,397
2026-09-17T16:25:00+00:00,29.89,29.901,29.879,29.886,323
2026-09-17T16:30:00+00:00,29.886,29.902,29.871,29.881,596
2026-09-17T16:35:00+00:00,29.881,29.902,29.873,29.887,613
2026-09-17T16:40:00+00:00,29.887,29.921,29.87,29.908,329
2026-09-17T16:45:00+00:00,29.908,29.951,29.894,29.933,230
2026-09-17T16:50:00+00:00,29.933,29.959,29.93,29.945,436
2026-09-17T16:55:00+00:00,29.945,29.976,29.938,29.957,265
2026-09-17T17:00:00+00:00,29.957,29.977,29.944,29.965,688
2026-09-17T17:05:00+00:00,29.965,29.971,29.923,29.937,591
2026-09-17T17:10:00+00:00,29.937,29.947,29.908,29.917,679
2026-09-17T17:15:00+00:00,29.917,29.927,29.887,29.897,378
2026-09-17T17:20:00+00:00,29.897,29.927,29.89,29.918,555
2026-09-17T17:25:00+00:00,29.918,29.93,29.896,29.902,437
2026-09-17T17:30:00+00:00,29.902,29.931,29.897,29.925,435
2026-09-17T17:35:00+00:00,29.925,29.933,29.916,29.921,136
2026-09-17T17:40:00+00:00,29.921,29.926,29.904,29.908,209
2026-09-17T17:45:00+00:00,29.908,29.911,29.892,29.896,493
2026-09-17T17:50:00+00:00,29.896,29.917,29.892,29.905,419
2026-09-17T17:55:00+00:00,29.905,29.911,29.892,29.91,387
2026-09-17T18:00:00+00:00,29.91,29.917,29.903,29.91,622
2026-09-17T18:05:00+00:00,29.91,29.931,29.906,29.916,355
2026-09-17T18:10:00+00:00,29.916,29.926,29.914,29.921,456
2026-09-17T18:15:00+00:00,29.921,29.951,29.913,29.942,591
2026-09-17T18:20:00+00:00,29.942,29.97,29.931,29.958,314
2026-09-17T18:25:00+00:00,29.958,29.962,29.954,29.957,739
2026-09-17T18:30:00+00:00,29.957,29.96,29.945,29.948,514
2026-09-17T18:35:00+00:00,29.948,29.957,29.915,29.921,530
2026-09-17T18:40:00+00:00,29.921,29.931,29.92,29.926,596
2026-09-17T18:45:00+00:00,29.926,29.934,29.903,29.924,592
2026-09-17T18:50:00+00:00,29.924,29.963,29.913,29.942,267
2026-09-17T18:55:00+00:00,29.942,29.962,29.935,29.952,596
2026-09-17T19:00:00+00:00,29.952,29.977,29.939,29.969,484
2026-09-17T19:05:00+00:00,29.969,29.977,29.941,29.947,484
2026-09-17T19:10:00+00:00,29.947,29.97,29.936,29.966,855
2026-09-17T19:15:00+00:00,29.966,29.975,29.93,29.942,446
2026-09-17T19:20:00+00:00,29.942,29.956,29.937,29.948,612
2026-09-17T19:25:00+00:00,29.948,29.984,29.926,29.978,671
2026-09-17T19:30:00+00:00,29.978,29.991,29.976,29.984,204
2026-09-17T19:35:00+00:00,29.984,30.017,29.978,30.009,806
2026-09-17T19:40:00+00:00,30.009,30.014,30.005,30.011,836
2026-09-17T19:45:00+00:00,30.011,30.012,29.997,30.01,88
2026-09-17T19:50:00+00:00,30.01,30.015,30.002,30.013,565
2026-09-17T19:55:00+00:00,30.013,30.03,30.002,30.024,500
2026-09-17T20:00:00+00:00,30.024,30.037,30.02,30.035,551
2026-09-17T20:05:00+00:00,30.035,30.038,30.029,30.037,382
2026-09-17T20:10:00+00:00,30.037,30.05,30.03,30.034,308
2026-09-17T20:15:00+00:00,30.034,30.059,30.029,30.049,297
2026-09-17T20:20:00+00:00,30.049,30.086,30.041,30.077,334
2026-09-17T20:25:00+00:00,30.077,30.081,30.057,30.065,341
2026-09-17T20:30:00+00:00,30.065,30.067,30.056,30.067,469
2026-09-17T20:35:00+00:00,30.067,30.073,30.053,30.06,288
2026-09-17T20:40:00+00:00,30.06,30.087,30.048,30.076,333
2026-09-17T20:45:00+00:00,30.076,30.093,30.068,30.074,347
2026-09-17T20:50:00+00:00,30.074,30.078,30.059,30.068,369
2026-09-17T20:55:00+00:00,30.068,30.08,30.059,30.063,369
2026-09-17T21:00:00+00:00,30.063,30.071,30.043,30.056,316
2026-09-17T21:05:00+00:00,30.056,30.058,30.032,30.046,338
2026-09-17T21:10:00+00:00,30.046,30.06,30.014,30.023,424
2026-09-17T21:15:00+00:00,30.023,30.035,30.015,30.024,170
2026-09-17T21:20:00+00:00,30.024,30.04,30.016,30.036,338
2026-09-17T21:25:00+00:00,30.036,30.051,30.024,30.043,327
2026-09-17T21:30:00+00:00,30.043,30.064,30.027,30.048,181
2026-09-17T21:35:00+00:00,30.048,30.056,30.046,30.051,487
2026-09-17T21:40:00+00:00,30.051,30.055,30.029,30.042,401
2026-09-17T21:45:00+00:00,30.042,30.05,30.039,30.047,624
2026-09-17T21:50:00+00:00,30.047,30.058,30.041,30.049,453
2026-09-17T21:55:00+00:00,30.049,30.068,30.043,30.063,330
2026-09-17T22:00:00+00:00,30.063,30.064,30.056,30.061,533
2026-09-17T22:05:00+00:00,30.061,30.071,30.048,30.051,444
2026-09-17T22:10:00+00:00,30.051,30.064,30.041,30.059,405
2026-09-17T22:15:00+00:00,30.059,30.062,30.051,30.054,437
2026-09-17T22:20:00+00:00,30.054,30.058,30.045,30.054,300
2026-09-17T22:25:00+00:00,30.054,30.07,30.042,30.06,497
2026-09-17T22:30:00+00:00,30.06,30.066,30.059,30.064,331
2026-09-17T22:35:00+00:00,30.064,30.085,30.062,30.066,370
2026-09-17T22:40:00+00:00,30.066,30.099,30.052,30.088,401
2026-09-17T22:45:00+00:00,30.088,30.09,30.081,30.086,138
2026-09-17T22:50:00+00:00,30.086,30.09,30.06,30.067,474
2026-09-17T22:55:00+00:00,30.067,30.079,30.053,30.055,165
2026-09-17T23:00:00+00:00,30.055,30.079,30.047,30.072,359
2026-09-17T23:05:00+00:00,30.072,30.075,30.057,30.06,313
2026-09-17T23:10:00+00:00,30.06,30.079,30.053,30.056,365
2026-09-17T23:15:00+00:00,30.056,30.069,30.049,30.065,275
2026-09-17T23:20:00+00:00,30.065,30.068,30.053,30.057,346
2026-09-17T23:25:00+00:00,30.057,30.058,30.051,30.054,268
2026-09-17T23:30:00+00:00,30.054,30.059,30.023,30.033,302
2026-09-17T23:35:00+00:00,30.033,30.039,30.025,30.028,260
2026-09-17T23:40:00+00:00,30.028,30.053,30.025,30.047,204
2026-09-17T23:45:00+00:00,30.047,30.068,30.043,30.064,371
2026-09-17T23:50:00+00:00,30.064,30.066,30.063,30.065,331
2026-09-17T23:55:00+00:00,30.065,30.076,30.064,30.071,332
2026-09-18T00:00:00+00:00,30.071,30.082,30.057,30.08,99
2026-09-18T00:05:00+00:00,30.08,30.088,30.068,30.074,304
2026-09-18T00:10:00+00:00,30.074,30.081,30.07,30.077,281
2026-09-18T00:15:00+00:00,30.077,30.083,30.057,30.066,250
2026-09-18T00:20:00+00:00,30.066,30.068,30.055,30.057,434
2026-09-18T00:25:00+00:00,30.057,30.076,30.047,30.073,348
2026-09-18T00:30:00+00:00,30.073,30.08,30.057,30.061,203
2026-09-18T00:35:00+00:00,30.061,30.069,30.042,30.047,244
2026-09-18T00:40:00+00:00,30.047,30.048,30.042,30.043,413
2026-09-18T00:45:00+00:00,30.043,30.056,30.03,30.051,78
2026-09-18T00:50:00+00:00,30.051,30.064,30.047,30.061,392
2026-09-18T00:55:00+00:00,30.061,30.065,30.052,30.059,180
2026-09-18T01:00:00+00:00,30.059,30.078,30.054,30.074,283
2026-09-18T01:05:00+00:00,30.074,30.082,30.055,30.066,344
2026-09-18T01:10:00+00:00,30.066,30.072,30.057,30.068,225
2026-09-18T01:15:00+00:00,30.068,30.078,30.066,30.075,159
2026-09-18T01:20:00+00:00,30.075,30.079,30.049,30.064,163
2026-09-18T01:25:00+00:00,30.064,30.073,30.056,30.069,176
2026-09-18T01:30:00+00:00,30.069,30.082,30.064,30.08,546
2026-09-18T01:35:00+00:00,30.08,30.106,30.075,30.098,259
2026-09-18T01:40:00+00:00,30.098,30.105,30.093,30.095,130
2026-09-18T01:45:00+00:00,30.095,30.118,30.092,30.111,46
2026-09-18T01:50:00+00:00,30.111,30.124,30.11,30.117,328
2026-09-18T01:55:00+00:00,30.117,30.121,30.1,30.108,214
2026-09-18T02:00:00+00:00,30.108,30.124,30.101,30.116,35
2026-09-18T02:05:00+00:00,30.116,30.136,30.113,30.133,344
2026-09-18T02:10:00+00:00,30.133,30.139,30.13,30.138,224
2026-09-18T02:15:00+00:00,30.138,30.142,30.123,30.134,192
2026-09-18T02:20:00+00:00,30.134,30.136,30.127,30.129,388
2026-09-18T02:25:00+00:00,30.129,30.147,30.125,30.144,179
2026-09-18T02:30:00+00:00,30.144,30.146,30.13,30.137,253
2026-09-18T02:35:00+00:00,30.137,30.157,30.131,30.153,167
2026-09-18T02:40:00+00:00,30.153,30.158,30.15,30.153,298
2026-09-18T02:45:00+00:00,30.153,30.157,30.127,30.136,225
2026-09-18T02:50:00+00:00,30.136,30.155,30.133,30.15,368
2026-09-18T02:55:00+00:00,30.15,30.157,30.144,30.149,131
2026-09-18T03:00:00+00:00,30.149,30.157,30.133,30.137,241
2026-09-18T03:05:00+00:00,30.137,30.159,30.13,30.152,164
2026-09-18T03:10:00+00:00,30.152,30.168,30.149,30.158,330
2026-09-18T03:15:00+00:00,30.158,30.168,30.157,30.161,353
2026-09-18T03:20:00+00:00,30.161,30.174,30.156,30.171,220
2026-09-18T03:25:00+00:00,30.171,30.174,30.167,30.17,286
2026-09-18T03:30:00+00:00,30.17,30.181,30.146,30.151,397
2026-09-18T03:35:00+00:00,30.151,30.16,30.147,30.152,257
2026-09-18T03:40:00+00:00,30.152,30.17,30.148,30.161,288
2026-09-18T03:45:00+00:00,30.161,30.19,30.153,30.179,186
2026-09-18T03:50:00+00:00,30.179,30.185,30.175,30.177,304
2026-09-18T03:55:00+00:00,30.177,30.178,30.169,30.173,189
2026-09-18T04:00:00+00:00,30.173,30.179,30.151,30.161,246
2026-09-18T04:05:00+00:00,30.161,30.168,30.156,30.164,447
2026-09-18T04:10:00+00:00,30.164,30.175,30.146,30.153,351
2026-09-18T04:15:00+00:00,30.153,30.163,30.135,30.138,258
2026-09-18T04:20:00+00:00,30.138,30.159,30.137,30.145,200
2026-09-18T04:25:00+00:00,30.145,30.151,30.131,30.135,281
2026-09-18T04:30:00+00:00,30.135,30.155,30.124,30.15,264
2026-09-18T04:35:00+00:00,30.15,30.154,30.128,30.134,439
2026-09-18T04:40:00+00:00,30.134,30.138,30.129,30.13,378
2026-09-18T04:45:00+00:00,30.13,30.138,30.122,30.132,384
2026-09-18T04:50:00+00:00,30.132,30.146,30.129,30.138,272
2026-09-18T04:55:00+00:00,30.138,30.15,30.133,30.146,222
2026-09-18T05:00:00+00:00,30.146,30.158,30.141,30.154,101
2026-09-18T05:05:00+00:00,30.154,30.171,30.15,30.164,209
2026-09-18T05:10:00+00:00,30.164,30.167,30.158,30.163,282
2026-09-18T05:15:00+00:00,30.163,30.175,30.156,30.172,415
2026-09-18T05:20:00+00:00,30.172,30.172,30.161,30.17,199
2026-09-18T05:25:00+00:00,30.17,30.182,30.168,30.175,235
2026-09-18T05:30:00+00:00,30.175,30.183,30.147,30.154,334
2026-09-18T05:35:00+00:00,30.154,30.16,30.146,30.151,450
2026-09-18T05:40:00+00:00,30.151,30.16,30.144,30.158,196
2026-09-18T05:45:00+00:00,30.158,30.159,30.15,30.154,388
2026-09-18T05:50:00+00:00,30.154,30.158,30.142,30.145,396
2026-09-18T05:55:00+00:00,30.145,30.163,30.143,30.155,286
2026-09-18T06:00:00+00:00,30.155,30.165,30.147,30.16,275
2026-09-18T06:05:00+00:00,30.16,30.185,30.155,30.179,217
2026-09-18T06:10:00+00:00,30.179,30.187,30.172,30.184,444
2026-09-18T06:15:00+00:00,30.184,30.195,30.179,30.191,332
2026-09-18T06:20:00+00:00,30.191,30.196,30.179,30.189,162
2026-09-18T06:25:00+00:00,30.189,30.197,30.184,30.192,354
2026-09-18T06:30:00+00:00,30.192,30.206,30.187,30.199,348
2026-09-18T06:35:00+00:00,30.199,30.215,30.196,30.211,219
2026-09-18T06:40:00+00:00,30.211,30.23,30.206,30.224,431
2026-09-18T06:45:00+00:00,30.224,30.229,30.217,30.219,447
2026-09-18T06:50:00+00:00,30.219,30.228,30.212,30.218,259
2026-09-18T06:55:00+00:00,30.218,30.226,30.214,30.216,364
2026-09-18T07:00:00+00:00,30.216,30.226,30.208,30.212,363
2026-09-18T07:05:00+00:00,30.212,30.233,30.203,30.228,164
2026-09-18T07:10:00+00:00,30.228,30.232,30.22,30.222,494
2026-09-18T07:15:00+00:00,30.222,30.237,30.203,30.21,521
2026-09-18T07:20:00+00:00,30.21,30.215,30.185,30.19,486
2026-09-18T07:25:00+00:00,30.19,30.202,30.169,30.18,294
2026-09-18T07:30:00+00:00,30.18,30.192,30.142,30.149,537
2026-09-18T07:35:00+00:00,30.149,30.158,30.147,30.15,512
2026-09-18T07:40:00+00:00,30.15,30.161,30.139,30.151,696
2026-09-18T07:45:00+00:00,30.151,30.164,30.111,30.124,309
2026-09-18T07:50:00+00:00,30.124,30.126,30.114,30.122,359
2026-09-18T07:55:00+00:00,30.122,30.156,30.115,30.141,496
2026-09-18T08:00:00+00:00,30.141,30.156,30.104,30.118,542
2026-09-18T08:05:00+00:00,30.118,30.173,30.104,30.153,205
2026-09-18T08:10:00+00:00,30.153,30.172,30.142,30.163,537
2026-09-18T08:15:00+00:00,30.163,30.181,30.142,30.177,1030
2026-09-18T08:20:00+00:00,30.177,30.182,30.162,30.167,622
2026-09-18T08:25:00+00:00,30.167,30.174,30.129,30.136,428
2026-09-18T08:30:00+00:00,30.136,30.141,30.122,30.132,620
2026-09-18T08:35:00+00:00,30.132,30.134,30.122,30.13,424
2026-09-18T08:40:00+00:00,30.13,30.162,30.112,30.139,400
2026-09-18T08:45:00+00:00,30.139,30.168,30.126,30.154,304
2026-09-18T08:50:00+00:00,30.154,30.159,30.15,30.155,681
2026-09-18T08:55:00+00:00,30.155,30.167,30.13,30.143,291
2026-09-18T09:00:00+00:00,30.143,30.152,30.138,30.146,435
2026-09-18T09:05:00+00:00,30.146,30.152,30.102,30.112,229
2026-09-18T09:10:00+00:00,30.112,30.155,30.099,30.143,227
2026-09-18T09:15:00+00:00,30.143,30.153,30.108,30.118,586
2026-09-18T09:20:00+00:00,30.118,30.126,30.11,30.113,347
2026-09-18T09:25:00+00:00,30.113,30.116,30.101,30.108,626
2026-09-18T09:30:00+00:00,30.108,30.121,30.092,30.105,966
2026-09-18T09:35:00+00:00,30.105,30.11,30.085,30.091,537
2026-09-18T09:40:00+00:00,30.091,30.095,30.059,30.072,568
2026-09-18T09:45:00+00:00,30.072,30.08,30.071,30.075,704
2026-09-18T09:50:00+00:00,30.075,30.077,30.071,30.074,586
2026-09-18T09:55:00+00:00,30.074,30.11,30.068,30.096,602
2026-09-18T10:00:00+00:00,30.096,30.109,30.045,30.08,413
2026-09-18T10:05:00+00:00,30.08,30.094,30.062,30.066,490
2026-09-18T10:10:00+00:00,30.066,30.072,30.05,30.056,691
2026-09-18T10:15:00+00:00,30.056,30.063,30.025,30.038,424
2026-09-18T10:20:00+00:00,30.038,30.057,30.029,30.049,509
2026-09-18T10:25:00+00:00,30.049,30.057,30.026,30.034,328
2026-09-18T10:30:00+00:00,30.034,30.036,30.031,30.031,455
2026-09-18T10:35:00+00:00,30.031,30.039,30.029,30.036,370
2026-09-18T10:40:00+00:00,30.036,30.056,30.018,30.045,225
2026-09-18T10:45:00+00:00,30.045,30.052,30.032,30.045,393
2026-09-18T10:50:00+00:00,30.045,30.055,30.022,30.033,543
2026-09-18T10:55:00+00:00,30.033,30.04,29.981,29.996,592
2026-09-18T11:00:00+00:00,29.996,30.006,29.974,29.983,628
2026-09-18T11:05:00+00:00,29.983,29.993,29.937,29.953,386
2026-09-18T11:10:00+00:00,29.953,29.969,29.94,29.959,380
2026-09-18T11:15:00+00:00,29.959,30.0,29.954,29.984,496
2026-09-18T11:20:00+00:00,29.984,30.021,29.962,30.014,598
2026-09-18T11:25:00+00:00,30.014,30.033,30.009,30.028,662
2026-09-18T11:30:00+00:00,30.028,30.031,30.011,30.021,510
2026-09-18T11:35:00+00:00,30.021,30.033,30.013,30.018,864
2026-09-18T11:40:00+00:00,30.018,30.023,29.996,30.011,481
2026-09-18T11:45:00+00:00,30.011,30.037,30.007,30.033,434
2026-09-18T11:50:00+00:00,30.033,30.045,30.006,30.018,191
2026-09-18T11:55:00+00:00,30.018,30.028,30.002,30.011,707
2026-09-18T12:00:00+00:00,30.011,30.037,30.002,30.028,949
2026-09-18T12:05:00+00:00,30.028,30.047,30.023,30.03,527
2026-09-18T12:10:00+00:00,30.03,30.042,29.988,29.997,880
2026-09-18T12:15:00+00:00,29.997,30.024,29.988,30.007,515
2026-09-18T12:20:00+00:00,30.007,30.028,30.005,30.02,655
2026-09-18T12:25:00+00:00,30.02,30.068,30.01,30.049,949
2026-09-18T12:30:00+00:00,30.049,30.083,30.043,30.073,825
2026-09-18T12:35:00+00:00,30.073,30.095,30.039,30.08,594
2026-09-18T12:40:00+00:00,30.08,30.086,30.05,30.065,423
2026-09-18T12:45:00+00:00,30.065,30.094,30.052,30.083,553
2026-09-18T12:50:00+00:00,30.083,30.084,30.073,30.081,813
2026-09-18T12:55:00+00:00,30.081,30.087,30.073,30.08,1023
2026-09-18T13:00:00+00:00,30.08,30.097,30.068,30.083,380
2026-09-18T13:05:00+00:00,30.083,30.096,30.051,30.058,563
2026-09-18T13:10:00+00:00,30.058,30.092,30.052,30.074,481
2026-09-18T13:15:00+00:00,30.074,30.093,30.031,30.044,757
2026-09-18T13:20:00+00:00,30.044,30.053,30.03,30.049,622
2026-09-18T13:25:00+00:00,30.049,30.058,30.037,30.049,1002
2026-09-18T13:30:00+00:00,30.049,30.07,30.039,30.048,798
2026-09-18T13:35:00+00:00,30.048,30.05,30.044,30.045,558
2026-09-18T13:40:00+00:00,30.045,30.061,30.044,30.053,630
2026-09-18T13:45:00+00:00,30.053,30.06,30.011,30.023,515
2026-09-18T13:50:00+00:00,30.023,30.035,29.989,29.996,215
2026-09-18T13:55:00+00:00,29.996,30.015,29.937,29.956,520
2026-09-18T14:00:00+00:00,29.956,29.993,29.944,29.973,897
2026-09-18T14:05:00+00:00,29.973,30.021,29.952,30.003,609
2026-09-18T14:10:00+00:00,30.003,30.037,29.993,30.021,947
2026-09-18T14:15:00+00:00,30.021,30.043,30.013,30.039,938
2026-09-18T14:20:00+00:00,30.039,30.065,30.036,30.046,814
2026-09-18T14:25:00+00:00,30.046,30.056,30.031,30.034,442
2026-09-18T14:30:00+00:00,30.034,30.072,29.997,30.06,417
2026-09-18T14:35:00+00:00,30.06,30.065,30.029,30.04,909
2026-09-18T14:40:00+00:00,30.04,30.05,30.0,30.014,430
2026-09-18T14:45:00+00:00,30.014,30.025,29.998,30.009,376
2026-09-18T14:50:00+00:00,30.009,30.016,29.975,29.992,1197
2026-09-18T14:55:00+00:00,29.992,30.004,29.971,29.975,612
2026-09-18T15:00:00+00:00,29.975,29.988,29.927,29.94,507
2026-09-18T15:05:00+00:00,29.94,29.968,29.929,29.96,602
2026-09-18T15:10:00+00:00,29.96,29.972,29.939,29.946,406
2026-09-18T15:15:00+00:00,29.946,29.962,29.917,29.924,670
2026-09-18T15:20:00+00:00,29.924,29.93,29.908,29.914,489
2026-09-18T15:25:00+00:00,29.914,29.927,29.902,29.907,632
2026-09-18T15:30:00+00:00,29.907,29.914,29.896,29.911,436
2026-09-18T15:35:00+00:00,29.911,29.921,29.875,29.886,585
2026-09-18T15:40:00+00:00,29.886,29.898,29.871,29.88,634
2026-09-18T15:45:00+00:00,29.88,29.89,29.858,29.868,640
2026-09-18T15:50:00+00:00,29.868,29.87,29.86,29.865,921
2026-09-18T15:55:00+00:00,29.865,29.903,29.85,29.888,522
2026-09-18T16:00:00+00:00,29.888,29.904,29.879,29.889,1139
2026-09-18T16:05:00+00:00,29.889,29.905,29.866,29.87,568
2026-09-18T16:10:00+00:00,29.87,29.884,29.852,29.866,234
2026-09-18T16:15:00+00:00,29.866,29.869,29.85,29.856,934
2026-09-18T16:20:00+00:00,29.856,29.866,29.822,29.83,379
2026-09-18T16:25:00+00:00,29.83,29.838,29.817,29.824,490
2026-09-18T16:30:00+00:00,29.824,29.88,29.806,29.861,453
2026-09-18T16:35:00+00:00,29.861,29.864,29.835,29.843,660
2026-09-18T16:40:00+00:00,29.843,29.852,29.817,29.848,676
2026-09-18T16:45:00+00:00,29.848,29.85,29.832,29.84,529
2026-09-18T16:50:00+00:00,29.84,29.853,29.831,29.844,754
2026-09-18T16:55:00+00:00,29.844,29.86,29.84,29.855,615
2026-09-18T17:00:00+00:00,29.855,29.859,29.84,29.845,423
2026-09-18T17:05:00+00:00,29.845,29.86,29.826,29.835,668
2026-09-18T17:10:00+00:00,29.835,29.844,29.823,29.841,366
2026-09-18T17:15:00+00:00,29.841,29.848,29.807,29.813,120
2026-09-18T17:20:00+00:00,29.813,29.84,29.802,29.831,367
2026-09-18T17:25:00+00:00,29.831,29.852,29.799,29.808,916
2026-09-18T17:30:00+00:00,29.808,29.838,29.802,29.832,573
2026-09-18T17:35:00+00:00,29.832,29.846,29.805,29.824,591
2026-09-18T17:40:00+00:00,29.824,29.835,29.809,29.813,530
2026-09-18T17:45:00+00:00,29.813,29.817,29.812,29.815,290
2026-09-18T17:50:00+00:00,29.815,29.827,29.802,29.808,569
2026-09-18T17:55:00+00:00,29.808,29.812,29.807,29.81,512
2026-09-18T18:00:00+00:00,29.81,29.844,29.796,29.834,438
2026-09-18T18:05:00+00:00,29.834,29.84,29.827,29.83,373
2026-09-18T18:10:00+00:00,29.83,29.833,29.812,29.818,733
2026-09-18T18:15:00+00:00,29.818,29.823,29.791,29.801,749
2026-09-18T18:20:00+00:00,29.801,29.827,29.775,29.794,872
2026-09-18T18:25:00+00:00,29.794,29.795,29.772,29.789,25
2026-09-18T18:30:00+00:00,29.789,29.795,29.758,29.763,497
2026-09-18T18:35:00+00:00,29.763,29.769,29.755,29.764,552
2026-09-18T18:40:00+00:00,29.764,29.779,29.736,29.752,389
2026-09-18T18:45:00+00:00,29.752,29.757,29.738,29.743,448
2026-09-18T18:50:00+00:00,29.743,29.751,29.718,29.727,458
2026-09-18T18:55:00+00:00,29.727,29.732,29.715,29.722,403
2026-09-18T19:00:00+00:00,29.722,29.729,29.691,29.707,654
2026-09-18T19:05:00+00:00,29.707,29.728,29.667,29.684,655
2026-09-18T19:10:00+00:00,29.684,29.692,29.661,29.669,553
2026-09-18T19:15:00+00:00,29.669,29.691,29.656,29.687,675
2026-09-18T19:20:00+00:00,29.687,29.698,29.677,29.693,624
2026-09-18T19:25:00+00:00,29.693,29.701,29.661,29.671,743
2026-09-18T19:30:00+00:00,29.671,29.679,29.653,29.664,191
2026-09-18T19:35:00+00:00,29.664,29.673,29.631,29.649,518
2026-09-18T19:40:00+00:00,29.649,29.654,29.645,29.649,606
2026-09-18T19:45:00+00:00,29.649,29.664,29.639,29.646,160
2026-09-18T19:50:00+00:00,29.646,29.662,29.626,29.639,554
2026-09-18T19:55:00+00:00,29.639,29.654,29.624,29.631,384
2026-09-18T20:00:00+00:00,29.631,29.676,29.625,29.659,477
2026-09-18T20:05:00+00:00,29.659,29.667,29.655,29.661,261
2026-09-18T20:10:00+00:00,29.661,29.663,29.638,29.653,351
2026-09-18T20:15:00+00:00,29.653,29.655,29.631,29.643,458
2026-09-18T20:20:00+00:00,29.643,29.648,29.639,29.645,413
2026-09-18T20:25:00+00:00,29.645,29.651,29.631,29.638,461
2026-09-18T20:30:00+00:00,29.638,29.661,29.634,29.657,222
2026-09-18T20:35:00+00:00,29.657,29.683,29.651,29.678,496
2026-09-18T20:40:00+00:00,29.678,29.685,29.677,29.679,209
2026-09-18T20:45:00+00:00,29.679,29.688,29.675,29.682,486
2026-09-18T20:50:00+00:00,29.682,29.687,29.678,29.68,515
2026-09-18T20:55:00+00:00,29.68,29.695,29.667,29.685,352
2026-09-20T22:00:00+00:00,29.685,29.693,29.653,29.66,363
2026-09-20T22:05:00+00:00,29.66,29.666,29.648,29.655,415
2026-09-20T22:10:00+00:00,29.655,29.659,29.629,29.639,566
2026-09-20T22:15:00+00:00,29.639,29.642,29.627,29.635,337
2026-09-20T22:20:00+00:00,29.635,29.651,29.625,29.643,486
2026-09-20T22:25:00+00:00,29.643,29.65,29.631,29.634,258
2026-09-20T22:30:00+00:00,29.634,29.651,29.629,29.647,420
2026-09-20T22:35:00+00:00,29.647,29.659,29.642,29.648,351
2026-09-20T22:40:00+00:00,29.648,29.654,29.639,29.646,435
2026-09-20T22:45:00+00:00,29.646,29.673,29.637,29.663,490
2026-09-20T22:50:00+00:00,29.663,29.664,29.661,29.663,473
2026-09-20T22:55:00+00:00,29.663,29.67,29.649,29.665,384
2026-09-20T23:00:00+00:00,29.665,29.679,29.663,29.671,379
2026-09-20T23:05:00+00:00,29.671,29.678,29.66,29.675,385
2026-09-20T23:10:00+00:00,29.675,29.68,29.672,29.673,403
2026-09-20T23:15:00+00:00,29.673,29.687,29.669,29.682,427
2026-09-20T23:20:00+00:00,29.682,29.697,29.679,29.69,292
2026-09-20T23:25:00+00:00,29.69,29.692,29.688,29.692,206
2026-09-20T23:30:00+00:00,29.692,29.714,29.682,29.704,219
2026-09-20T23:35:00+00:00,29.704,29.718,29.697,29.714,454
2026-09-20T23:40:00+00:00,29.714,29.736,29.707,29.725,411
2026-09-20T23:45:00+00:00,29.725,29.736,29.718,29.732,476
2026-09-20T23:50:00+00:00,29.732,29.739,29.73,29.737,276
2026-09-20T23:55:00+00:00,29.737,29.741,29.729,29.732,419
2026-09-21T00:00:00+00:00,29.732,29.733,29.726,29.729,317
2026-09-21T00:05:00+00:00,29.729,29.733,29.71,29.717,154
2026-09-21T00:10:00+00:00,29.717,29.731,29.716,29.724,420
2026-09-21T00:15:00+00:00,29.724,29.731,29.722,29.729,314
2026-09-21T00:20:00+00:00,29.729,29.735,29.705,29.714,204
2026-09-21T00:25:00+00:00,29.714,29.722,29.712,29.719,320
2026-09-21T00:30:00+00:00,29.719,29.722,29.711,29.721,556
2026-09-21T00:35:00+00:00,29.721,29.724,29.702,29.709,270
2026-09-21T00:40:00+00:00,29.709,29.71,29.702,29.705,326
2026-09-21T00:45:00+00:00,29.705,29.717,29.697,29.703,352
2026-09-21T00:50:00+00:00,29.703,29.709,29.69,29.694,227
2026-09-21T00:55:00+00:00,29.694,29.698,29.68,29.688,179
2026-09-21T01:00:00+00:00,29.688,29.69,29.688,29.688,260
2026-09-21T01:05:00+00:00,29.688,29.697,29.68,29.694,328
2026-09-21T01:10:00+00:00,29.694,29.718,29.691,29.708,207
2026-09-21T01:15:00+00:00,29.708,29.733,29.701,29.723,306
2026-09-21T01:20:00+00:00,29.723,29.727,29.7,29.712,279
2026-09-21T01:25:00+00:00,29.712,29.723,29.691,29.696,170
2026-09-21T01:30:00+00:00,29.696,29.708,29.691,29.705,317
2026-09-21T01:35:00+00:00,29.705,29.724,29.697,29.719,367
2026-09-21T01:40:00+00:00,29.719,29.722,29.714,29.717,137
2026-09-21T01:45:00+00:00,29.717,29.725,29.7,29.704,170
2026-09-21T01:50:00+00:00,29.704,29.726,29.698,29.72,195
2026-09-21T01:55:00+00:00,29.72,29.723,29.707,29.711,274
2026-09-21T02:00:00+00:00,29.711,29.729,29.704,29.721,338
2026-09-21T02:05:00+00:00,29.721,29.724,29.717,29.719,300
2026-09-21T02:10:00+00:00,29.719,29.728,29.707,29.727,245
2026-09-21T02:15:00+00:00,29.727,29.73,29.717,29.719,420
2026-09-21T02:20:00+00:00,29.719,29.732,29.714,29.729,403
2026-09-21T02:25:00+00:00,29.729,29.741,29.726,29.735,126
2026-09-21T02:30:00+00:00,29.735,29.755,29.731,29.748,338
2026-09-21T02:35:00+00:00,29.748,29.753,29.748,29.751,229
2026-09-21T02:40:00+00:00,29.751,29.754,29.747,29.749,157
2026-09-21T02:45:00+00:00,29.749,29.76,29.745,29.755,282
2026-09-21T02:50:00+00:00,29.755,29.761,29.75,29.758,321
2026-09-21T02:55:00+00:00,29.758,29.765,29.747,29.75,235
2026-09-21T03:00:00+00:00,29.75,29.754,29.749,29.752,494
2026-09-21T03:05:00+00:00,29.752,29.757,29.746,29.748,288
2026-09-21T03:10:00+00:00,29.748,29.751,29.739,29.743,317
2026-09-21T03:15:00+00:00,29.743,29.744,29.74,29.741,430
2026-09-21T03:20:00+00:00,29.741,29.755,29.736,29.752,257
2026-09-21T03:25:00+00:00,29.752,29.754,29.742,29.746,196
2026-09-21T03:30:00+00:00,29.746,29.754,29.724,29.736,257
2026-09-21T03:35:00+00:00,29.736,29.747,29.721,29.727,303
2026-09-21T03:40:00+00:00,29.727,29.733,29.726,29.73,298
2026-09-21T03:45:00+00:00,29.73,29.74,29.71,29.717,434
2026-09-21T03:50:00+00:00,29.717,29.744,29.707,29.731,51
2026-09-21T03:55:00+00:00,29.731,29.744,29.726,29.739,163
2026-09-21T04:00:00+00:00,29.739,29.745,29.731,29.735,231
2026-09-21T04:05:00+00:00,29.735,29.747,29.727,29.741,498
2026-09-21T04:10:00+00:00,29.741,29.742,29.736,29.741,136
2026-09-21T04:15:00+00:00,29.741,29.747,29.731,29.745,314
2026-09-21T04:20:00+00:00,29.745,29.754,29.744,29.746,128
2026-09-21T04:25:00+00:00,29.746,29.749,29.735,29.737,361
2026-09-21T04:30:00+00:00,29.737,29.739,29.726,29.738,237
2026-09-21T04:35:00+00:00,29.738,29.746,29.726,29.729,191
2026-09-21T04:40:00+00:00,29.729,29.747,29.725,29.741,126
2026-09-21T04:45:00+00:00,29.741,29.758,29.736,29.755,270
2026-09-21T04:50:00+00:00,29.755,29.762,29.753,29.757,281
2026-09-21T04:55:00+00:00,29.757,29.758,29.755,29.756,295
2026-09-21T05:00:00+00:00,29.756,29.767,29.747,29.76,267
2026-09-21T05:05:00+00:00,29.76,29.768,29.755,29.764,162
2026-09-21T05:10:00+00:00,29.764,29.766,29.757,29.76,143
2026-09-21T05:15:00+00:00,29.76,29.767,29.753,29.755,230
2026-09-21T05:20:00+00:00,29.755,29.761,29.75,29.758,425
2026-09-21T05:25:00+00:00,29.758,29.761,29.752,29.758,216
2026-09-21T05:30:00+00:00,29.758,29.767,29.756,29.765,370
2026-09-21T05:35:00+00:00,29.765,29.768,29.751,29.754,345
2026-09-21T05:40:00+00:00,29.754,29.775,29.751,29.772,383
2026-09-21T05:45:00+00:00,29.772,29.778,29.756,29.763,254
2026-09-21T05:50:00+00:00,29.763,29.769,29.75,29.766,134
2026-09-21T05:55:00+00:00,29.766,29.778,29.744,29.75,197
2026-09-21T06:00:00+00:00,29.75,29.754,29.746,29.747,389
2026-09-21T06:05:00+00:00,29.747,29.748,29.738,29.741,374
2026-09-21T06:10:00+00:00,29.741,29.745,29.739,29.742,470
2026-09-21T06:15:00+00:00,29.742,29.75,29.74,29.749,401
2026-09-21T06:20:00+00:00,29.749,29.754,29.729,29.741,286
2026-09-21T06:25:00+00:00,29.741,29.748,29.734,29.747,58
2026-09-21T06:30:00+00:00,29.747,29.76,29.742,29.756,268
2026-09-21T06:35:00+00:00,29.756,29.761,29.743,29.751,346
2026-09-21T06:40:00+00:00,29.751,29.752,29.742,29.748,236
2026-09-21T06:45:00+00:00,29.748,29.756,29.742,29.744,240
2026-09-21T06:50:00+00:00,29.744,29.748,29.732,29.734,324
2026-09-21T06:55:00+00:00,29.734,29.74,29.732,29.735,330
2026-09-21T07:00:00+00:00,29.735,29.756,29.715,29.726,367
2026-09-21T07:05:00+00:00,29.726,29.741,29.692,29.702,557
2026-09-21T07:10:00+00:00,29.702,29.727,29.699,29.715,596
2026-09-21T07:15:00+00:00,29.715,29.749,29.711,29.737,325
2026-09-21T07:20:00+00:00,29.737,29.751,29.708,29.725,451
2026-09-21T07:25:00+00:00,29.725,29.752,29.72,29.737,333
2026-09-21T07:30:00+00:00,29.737,29.756,29.733,29.747,334
2026-09-21T07:35:00+00:00,29.747,29.752,29.741,29.749,374
2026-09-21T07:40:00+00:00,29.749,29.766,29.734,29.743,662
2026-09-21T07:45:00+00:00,29.743,29.805,29.731,29.79,502
2026-09-21T07:50:00+00:00,29.79,29.799,29.784,29.787,623
2026-09-21T07:55:00+00:00,29.787,29.795,29.756,29.768,635
2026-09-21T08:00:00+00:00,29.768,29.778,29.756,29.768,612
2026-09-21T08:05:00+00:00,29.768,29.792,29.728,29.746,614
2026-09-21T08:10:00+00:00,29.746,29.791,29.728,29.783,526
2026-09-21T08:15:00+00:00,29.783,29.789,29.757,29.773,392
2026-09-21T08:20:00+00:00,29.773,29.781,29.771,29.773,309
2026-09-21T08:25:00+00:00,29.773,29.789,29.763,29.784,838
2026-09-21T08:30:00+00:00,29.784,29.796,29.77,29.782,785
2026-09-21T08:35:00+00:00,29.782,29.835,29.773,29.813,587
2026-09-21T08:40:00+00:00,29.813,29.818,29.805,29.809,321
2026-09-21T08:45:00+00:00,29.809,29.832,29.755,29.778,501
2026-09-21T08:50:00+00:00,29.778,29.785,29.753,29.762,781
2026-09-21T08:55:00+00:00,29.762,29.797,29.746,29.781,418
2026-09-21T09:00:00+00:00,29.781,29.832,29.767,29.806,475
2026-09-21T09:05:00+00:00,29.806,29.83,29.76,29.775,569
2026-09-21T09:10:00+00:00,29.775,29.81,29.768,29.796,843
2026-09-21T09:15:00+00:00,29.796,29.808,29.786,29.79,740
2026-09-21T09:20:00+00:00,29.79,29.796,29.762,29.769,399
2026-09-21T09:25:00+00:00,29.769,29.771,29.76,29.765,438
2026-09-21T09:30:00+00:00,29.765,29.775,29.759,29.773,381
2026-09-21T09:35:00+00:00,29.773,29.783,29.771,29.776,498
2026-09-21T09:40:00+00:00,29.776,29.785,29.752,29.759,277
2026-09-21T09:45:00+00:00,29.759,29.787,29.748,29.774,621
2026-09-21T09:50:00+00:00,29.774,29.787,29.762,29.766,441
2026-09-21T09:55:00+00:00,29.766,29.786,29.763,29.768,520
2026-09-21T10:00:00+00:00,29.768,29.772,29.754,29.771,790
2026-09-21T10:05:00+00:00,29.771,29.783,29.75,29.762,496
2026-09-21T10:10:00+00:00,29.762,29.772,29.716,29.733,652
2026-09-21T10:15:00+00:00,29.733,29.748,29.695,29.701,307
2026-09-21T10:20:00+00:00,29.701,29.704,29.696,29.701,793
2026-09-21T10:25:00+00:00,29.701,29.713,29.699,29.71,770
2026-09-21T10:30:00+00:00,29.71,29.733,29.696,29.727,464
2026-09-21T10:35:00+00:00,29.727,29.734,29.705,29.717,530
2026-09-21T10:40:00+00:00,29.717,29.725,29.713,29.72,493
2026-09-21T10:45:00+00:00,29.72,29.729,29.708,29.719,260
2026-09-21T10:50:00+00:00,29.719,29.76,29.706,29.744,406
2026-09-21T10:55:00+00:00,29.744,29.753,29.727,29.73,488
2026-09-21T11:00:00+00:00,29.73,29.747,29.717,29.723,419
2026-09-21T11:05:00+00:00,29.723,29.742,29.713,29.724,975
2026-09-21T11:10:00+00:00,29.724,29.748,29.712,29.742,603
2026-09-21T11:15:00+00:00,29.742,29.748,29.711,29.719,739
2026-09-21T11:20:00+00:00,29.719,29.733,29.715,29.73,609
2026-09-21T11:25:00+00:00,29.73,29.743,29.725,29.733,392
2026-09-21T11:30:00+00:00,29.733,29.748,29.701,29.706,645
2026-09-21T11:35:00+00:00,29.706,29.722,29.699,29.718,527
2026-09-21T11:40:00+00:00,29.718,29.735,29.714,29.724,608
2026-09-21T11:45:00+00:00,29.724,29.729,29.696,29.706,594
2026-09-21T11:50:00+00:00,29.706,29.721,29.702,29.714,216
2026-09-21T11:55:00+00:00,29.714,29.72,29.696,29.707,787
2026-09-21T12:00:00+00:00,29.707,29.741,29.702,29.712,560
2026-09-21T12:05:00+00:00,29.712,29.772,29.694,29.756,645
2026-09-21T12:10:00+00:00,29.756,29.762,29.718,29.739,716
2026-09-21T12:15:00+00:00,29.739,29.798,29.732,29.772,728
2026-09-21T12:20:00+00:00,29.772,29.777,29.76,29.771,1149
2026-09-21T12:25:00+00:00,29.771,29.787,29.762,29.767,642
2026-09-21T12:30:00+00:00,29.767,29.768,29.743,29.767,759
2026-09-21T12:35:00+00:00,29.767,29.795,29.739,29.748,1259
2026-09-21T12:40:00+00:00,29.748,29.783,29.742,29.769,497
2026-09-21T12:45:00+00:00,29.769,29.791,29.762,29.784,571
2026-09-21T12:50:00+00:00,29.784,29.804,29.767,29.797,870
2026-09-21T12:55:00+00:00,29.797,29.826,29.788,29.809,100
2026-09-21T13:00:00+00:00,29.809,29.842,29.795,29.83,584
2026-09-21T13:05:00+00:00,29.83,29.917,29.812,29.868,746
2026-09-21T13:10:00+00:00,29.868,29.89,29.859,29.885,644
2026-09-21T13:15:00+00:00,29.885,29.906,29.873,29.9,665
2026-09-21T13:20:00+00:00,29.9,29.908,29.849,29.866,595
2026-09-21T13:25:00+00:00,29.866,29.908,29.851,29.9,948
2026-09-21T13:30:00+00:00,29.9,29.922,29.894,29.912,796
2026-09-21T13:35:00+00:00,29.912,29.971,29.884,29.951,388
2026-09-21T13:40:00+00:00,29.951,30.003,29.932,29.988,734
2026-09-21T13:45:00+00:00,29.988,30.002,29.972,29.98,513
2026-09-21T13:50:00+00:00,29.98,29.998,29.977,29.99,607
2026-09-21T13:55:00+00:00,29.99,30.027,29.972,30.012,728
2026-09-21T14:00:00+00:00,30.012,30.033,30.004,30.028,671
2026-09-21T14:05:00+00:00,30.028,30.063,30.005,30.049,907
2026-09-21T14:10:00+00:00,30.049,30.094,30.038,30.072,643
2026-09-21T14:15:00+00:00,30.072,30.09,30.037,30.061,721
2026-09-21T14:20:00+00:00,30.061,30.074,30.048,30.072,816
2026-09-21T14:25:00+00:00,30.072,30.14,30.06,30.111,816
2026-09-21T14:30:00+00:00,30.111,30.127,30.098,30.112,511
2026-09-21T14:35:00+00:00,30.112,30.138,30.107,30.12,949
2026-09-21T14:40:00+00:00,30.12,30.159,30.106,30.144,528
2026-09-21T14:45:00+00:00,30.144,30.165,30.121,30.139,1002
2026-09-21T14:50:00+00:00,30.139,30.155,30.121,30.142,1264
2026-09-21T14:55:00+00:00,30.142,30.158,30.086,30.109,758
2026-09-21T15:00:00+00:00,30.109,30.114,30.084,30.093,230
2026-09-21T15:05:00+00:00,30.093,30.095,30.08,30.084,273
2026-09-21T15:10:00+00:00,30.084,30.107,30.069,30.096,564
2026-09-21T15:15:00+00:00,30.096,30.103,30.094,30.094,460
2026-09-21T15:20:00+00:00,30.094,30.098,30.091,30.097,251
2026-09-21T15:25:00+00:00,30.097,30.109,30.094,30.1,644
2026-09-21T15:30:00+00:00,30.1,30.106,30.061,30.075,462
2026-09-21T15:35:00+00:00,30.075,30.082,30.073,30.077,48
2026-09-21T15:40:00+00:00,30.077,30.079,30.058,30.069,409
2026-09-21T15:45:00+00:00,30.069,30.073,30.061,30.072,530
2026-09-21T15:50:00+00:00,30.072,30.11,30.06,30.098,446
2026-09-21T15:55:00+00:00,30.098,30.104,30.069,30.078,490
2026-09-21T16:00:00+00:00,30.078,30.083,30.054,30.061,431
2026-09-21T16:05:00+00:00,30.061,30.099,30.048,30.081,604
2026-09-21T16:10:00+00:00,30.081,30.151,30.066,30.129,267
2026-09-21T16:15:00+00:00,30.129,30.143,30.097,30.109,548
2026-09-21T16:20:00+00:00,30.109,30.149,30.102,30.128,301
2026-09-21T16:25:00+00:00,30.128,30.138,30.095,30.123,190
2026-09-21T16:30:00+00:00,30.123,30.132,30.113,30.115,350
2026-09-21T16:35:00+00:00,30.115,30.123,30.105,30.113,576
2026-09-21T16:40:00+00:00,30.113,30.128,30.094,30.101,699
2026-09-21T16:45:00+00:00,30.101,30.107,30.099,30.1,772
2026-09-21T16:50:00+00:00,30.1,30.111,30.098,30.105,961
2026-09-21T16:55:00+00:00,30.105,30.112,30.07,30.079,520
2026-09-21T17:00:00+00:00,30.079,30.1,30.056,30.076,39
2026-09-21T17:05:00+00:00,30.076,30.115,30.059,30.108,504
2026-09-21T17:10:00+00:00,30.108,30.141,30.102,30.131,530
2026-09-21T17:15:00+00:00,30.131,30.136,30.109,30.128,408
2026-09-21T17:20:00+00:00,30.128,30.129,30.112,30.126,224
2026-09-21T17:25:00+00:00,30.126,30.143,30.111,30.125,655
2026-09-21T17:30:00+00:00,30.125,30.134,30.112,30.127,509
2026-09-21T17:35:00+00:00,30.127,30.134,30.092,30.108,396
2026-09-21T17:40:00+00:00,30.108,30.149,30.101,30.13,192
2026-09-21T17:45:00+00:00,30.13,30.147,30.117,30.136,384
2026-09-21T17:50:00+00:00,30.136,30.15,30.134,30.145,542
2026-09-21T17:55:00+00:00,30.145,30.168,30.142,30.155,271
2026-09-21T18:00:00+00:00,30.155,30.17,30.136,30.142,277
2026-09-21T18:05:00+00:00,30.142,30.145,30.12,30.136,877
2026-09-21T18:10:00+00:00,30.136,30.145,30.105,30.119,271
2026-09-21T18:15:00+00:00,30.119,30.128,30.107,30.118,146
2026-09-21T18:20:00+00:00,30.118,30.128,30.08,30.095,546
2026-09-21T18:25:00+00:00,30.095,30.105,30.09,30.1,186
2026-09-21T18:30:00+00:00,30.1,30.104,30.092,30.099,403
2026-09-21T18:35:00+00:00,30.099,30.118,30.086,30.111,430
2026-09-21T18:40:00+00:00,30.111,30.136,30.071,30.087,718
2026-09-21T18:45:00+00:00,30.087,30.103,30.074,30.099,469
2026-09-21T18:50:00+00:00,30.099,30.111,30.095,30.097,388
2026-09-21T18:55:00+00:00,30.097,30.103,30.084,30.089,548
2026-09-21T19:00:00+00:00,30.089,30.098,30.081,30.083,525
2026-09-21T19:05:00+00:00,30.083,30.106,30.072,30.096,327
2026-09-21T19:10:00+00:00,30.096,30.1,30.076,30.082,718
2026-09-21T19:15:00+00:00,30.082,30.084,30.069,30.075,643
2026-09-21T19:20:00+00:00,30.075,30.089,30.057,30.065,438
2026-09-21T19:25:00+00:00,30.065,30.102,30.018,30.036,413
2026-09-21T19:30:00+00:00,30.036,30.044,30.02,30.041,458
2026-09-21T19:35:00+00:00,30.041,30.094,30.03,30.083,607
2026-09-21T19:40:00+00:00,30.083,30.098,30.049,30.061,488
2026-09-21T19:45:00+00:00,30.061,30.065,30.056,30.064,571
2026-09-21T19:50:00+00:00,30.064,30.07,30.057,30.066,401
2026-09-21T19:55:00+00:00,30.066,30.071,30.041,30.05,655
2026-09-21T20:00:00+00:00,30.05,30.067,30.047,30.058,447
2026-09-21T20:05:00+00:00,30.058,30.084,30.052,30.077,270
2026-09-21T20:10:00+00:00,30.077,30.086,30.066,30.07,304
2026-09-21T20:15:00+00:00,30.07,30.086,30.067,30.083,445
2026-09-21T20:20:00+00:00,30.083,30.088,30.062,30.082,324
2026-09-21T20:25:00+00:00,30.082,30.096,30.071,30.089,486
2026-09-21T20:30:00+00:00,30.089,30.096,30.085,30.089,132
2026-09-21T20:35:00+00:00,30.089,30.099,30.079,30.095,531
2026-09-21T20:40:00+00:00,30.095,30.102,30.086,30.095,436
2026-09-21T20:45:00+00:00,30.095,30.103,30.092,30.101,605
2026-09-21T20:50:00+00:00,30.101,30.124,30.096,30.12,165
2026-09-21T20:55:00+00:00,30.12,30.131,30.11,30.12,291
2026-09-21T21:00:00+00:00,30.12,30.135,30.116,30.123,430
2026-09-21T21:05:00+00:00,30.123,30.127,30.111,30.114,202
2026-09-21T21:10:00+00:00,30.114,30.133,30.106,30.129,505
2026-09-21T21:15:00+00:00,30.129,30.154,30.12,30.142,544
2026-09-21T21:20:00+00:00,30.142,30.151,30.139,30.149,461
2026-09-21T21:25:00+00:00,30.149,30.169,30.144,30.159,576
2026-09-21T21:30:00+00:00,30.159,30.171,30.14,30.145,225
2026-09-21T21:35:00+00:00,30.145,30.149,30.121,30.134,554
2026-09-21T21:40:00+00:00,30.134,30.144,30.121,30.125,414
2026-09-21T21:45:00+00:00,30.125,30.136,30.122,30.133,377
2026-09-21T21:50:00+00:00,30.133,30.141,30.124,30.133,66
2026-09-21T21:55:00+00:00,30.133,30.135,30.129,30.132,500
2026-09-21T22:00:00+00:00,30.132,30.14,30.121,30.131,393
2026-09-21T22:05:00+00:00,30.131,30.139,30.115,30.124,211
2026-09-21T22:10:00+00:00,30.124,30.134,30.089,30.096,458
2026-09-21T22:15:00+00:00,30.096,30.102,30.092,30.098,415
2026-09-21T22:20:00+00:00,30.098,30.109,30.092,30.103,498
2026-09-21T22:25:00+00:00,30.103,30.107,30.082,30.101,561
2026-09-21T22:30:00+00:00,30.101,30.11,30.077,30.084,438
2026-09-21T22:35:00+00:00,30.084,30.087,30.079,30.083,382
2026-09-21T22:40:00+00:00,30.083,30.085,30.062,30.076,598
2026-09-21T22:45:00+00:00,30.076,30.087,30.065,30.085,366
2026-09-21T22:50:00+00:00,30.085,30.103,30.07,30.073,612
2026-09-21T22:55:00+00:00,30.073,30.1,30.07,30.088,417
2026-09-21T23:00:00+00:00,30.088,30.089,30.083,30.085,337
2026-09-21T23:05:00+00:00,30.085,30.092,30.063,30.07,299
2026-09-21T23:10:00+00:00,30.07,30.098,30.061,30.087,198
2026-09-21T23:15:00+00:00,30.087,30.094,30.078,30.089,204
2026-09-21T23:20:00+00:00,30.089,30.097,30.079,30.085,188
2026-09-21T23:25:00+00:00,30.085,30.108,30.083,30.095,316
2026-09-21T23:30:00+00:00,30.095,30.128,30.087,30.119,278
2026-09-21T23:35:00+00:00,30.119,30.125,30.118,30.122,302
2026-09-21T23:40:00+00:00,30.122,30.129,30.113,30.118,243
2026-09-21T23:45:00+00:00,30.118,30.128,30.114,30.123,38
2026-09-21T23:50:00+00:00,30.123,30.133,30.112,30.115,248
2026-09-21T23:55:00+00:00,30.115,30.12,30.107,30.11,207
2026-09-22T00:00:00+00:00,30.11,30.116,30.107,30.112,342
2026-09-22T00:05:00+00:00,30.112,30.123,30.092,30.103,309
2026-09-22T00:10:00+00:00,30.103,30.108,30.086,30.092,323
2026-09-22T00:15:00+00:00,30.092,30.104,30.089,30.097,321
2026-09-22T00:20:00+00:00,30.097,30.111,30.095,30.103,190
2026-09-22T00:25:00+00:00,30.103,30.107,30.08,30.086,55
2026-09-22T00:30:00+00:00,30.086,30.088,30.083,30.085,378
2026-09-22T00:35:00+00:00,30.085,30.091,30.083,30.088,397
2026-09-22T00:40:00+00:00,30.088,30.094,30.085,30.092,426
2026-09-22T00:45:00+00:00,30.092,30.095,30.076,30.081,349
2026-09-22T00:50:00+00:00,30.081,30.089,30.075,30.083,314
2026-09-22T00:55:00+00:00,30.083,30.087,30.078,30.083,77
2026-09-22T01:00:00+00:00,30.083,30.108,30.077,30.103,398
2026-09-22T01:05:00+00:00,30.103,30.108,30.097,30.103,258
2026-09-22T01:10:00+00:00,30.103,30.105,30.09,30.094,462
2026-09-22T01:15:00+00:00,30.094,30.102,30.093,30.098,120
2026-09-22T01:20:00+00:00,30.098,30.101,30.095,30.1,354
2026-09-22T01:25:00+00:00,30.1,30.103,30.094,30.101,237
2026-09-22T01:30:00+00:00,30.101,30.118,30.098,30.107,268
2026-09-22T01:35:00+00:00,30.107,30.12,30.098,30.102,126
2026-09-22T01:40:00+00:00,30.102,30.105,30.077,30.087,21
2026-09-22T01:45:00+00:00,30.087,30.091,30.08,30.082,288
2026-09-22T01:50:00+00:00,30.082,30.093,30.078,30.09,294
2026-09-22T01:55:00+00:00,30.09,30.105,30.064,30.068,214
2026-09-22T02:00:00+00:00,30.068,30.073,30.066,30.071,291
2026-09-22T02:05:00+00:00,30.071,30.075,30.064,30.07,206
2026-09-22T02:10:00+00:00,30.07,30.076,30.062,30.064,196
2026-09-22T02:15:00+00:00,30.064,30.072,30.057,30.07,394
2026-09-22T02:20:00+00:00,30.07,30.076,30.053,30.059,114
2026-09-22T02:25:00+00:00,30.059,30.063,30.043,30.048,251
2026-09-22T02:30:00+00:00,30.048,30.054,30.046,30.051,357
2026-09-22T02:35:00+00:00,30.051,30.058,30.049,30.052,154
2026-09-22T02:40:00+00:00,30.052,30.058,30.043,30.046,253
2026-09-22T02:45:00+00:00,30.046,30.06,30.043,30.051,335
2026-09-22T02:50:00+00:00,30.051,30.053,30.034,30.042,302
2026-09-22T02:55:00+00:00,30.042,30.067,30.033,30.056,244
2026-09-22T03:00:00+00:00,30.056,30.086,30.046,30.078,417
2026-09-22T03:05:00+00:00,30.078,30.09,30.074,30.083,400
2026-09-22T03:10:00+00:00,30.083,30.084,30.078,30.079,309
2026-09-22T03:15:00+00:00,30.079,30.086,30.073,30.075,210
2026-09-22T03:20:00+00:00,30.075,30.094,30.073,30.086,268
2026-09-22T03:25:00+00:00,30.086,30.087,30.072,30.08,156
2026-09-22T03:30:00+00:00,30.08,30.105,30.071,30.096,129
2026-09-22T03:35:00+00:00,30.096,30.115,30.092,30.104,280
2026-09-22T03:40:00+00:00,30.104,30.108,30.093,30.095,352
2026-09-22T03:45:00+00:00,30.095,30.101,30.083,30.09,386
2026-09-22T03:50:00+00:00,30.09,30.105,30.088,30.098,59
2026-09-22T03:55:00+00:00,30.098,30.099,30.093,30.095,176
2026-09-22T04:00:00+00:00,30.095,30.097,30.08,30.087,97
2026-09-22T04:05:00+00:00,30.087,30.09,30.073,30.079,345
2026-09-22T04:10:00+00:00,30.079,30.082,30.072,30.079,139
2026-09-22T04:15:00+00:00,30.079,30.098,30.074,30.089,316
2026-09-22T04:20:00+00:00,30.089,30.098,30.084,30.095,243
2026-09-22T04:25:00+00:00,30.095,30.12,30.089,30.109,384
2026-09-22T04:30:00+00:00,30.109,30.116,30.089,30.098,390
2026-09-22T04:35:00+00:00,30.098,30.099,30.094,30.095,250
2026-09-22T04:40:00+00:00,30.095,30.1,30.091,30.095,140
2026-09-22T04:45:00+00:00,30.095,30.1,30.091,30.097,32
2026-09-22T04:50:00+00:00,30.097,30.099,30.092,30.095,153
2026-09-22T04:55:00+00:00,30.095,30.106,30.084,30.1,106
2026-09-22T05:00:00+00:00,30.1,30.105,30.081,30.089,209
2026-09-22T05:05:00+00:00,30.089,30.105,30.077,30.102,444
2026-09-22T05:10:00+00:00,30.102,30.122,30.096,30.117,389
2026-09-22T05:15:00+00:00,30.117,30.118,30.11,30.112,386
2026-09-22T05:20:00+00:00,30.112,30.116,30.107,30.114,62
2026-09-22T05:25:00+00:00,30.114,30.125,30.109,30.11,245
2026-09-22T05:30:00+00:00,30.11,30.134,30.104,30.128,452
2026-09-22T05:35:00+00:00,30.128,30.133,30.111,30.116,283
2026-09-22T05:40:00+00:00,30.116,30.131,30.095,30.104,258
2026-09-22T05:45:00+00:00,30.104,30.106,30.1,30.104,427
2026-09-22T05:50:00+00:00,30.104,30.113,30.082,30.086,216
2026-09-22T05:55:00+00:00,30.086,30.096,30.074,30.082,306
2026-09-22T06:00:00+00:00,30.082,30.093,30.071,30.088,326
2026-09-22T06:05:00+00:00,30.088,30.091,30.062,30.075,314
2026-09-22T06:10:00+00:00,30.075,30.092,30.07,30.088,430
2026-09-22T06:15:00+00:00,30.088,30.111,30.084,30.106,325
2026-09-22T06:20:00+00:00,30.106,30.116,30.102,30.106,506
2026-09-22T06:25:00+00:00,30.106,30.115,30.099,30.1,415
2026-09-22T06:30:00+00:00,30.1,30.108,30.098,30.103,58
2026-09-22T06:35:00+00:00,30.103,30.118,30.099,30.112,373
2026-09-22T06:40:00+00:00,30.112,30.134,30.109,30.127,356
2026-09-22T06:45:00+00:00,30.127,30.14,30.099,30.108,295
2026-09-22T06:50:00+00:00,30.108,30.124,30.105,30.12,285
2026-09-22T06:55:00+00:00,30.12,30.125,30.114,30.121,138
2026-09-22T07:00:00+00:00,30.121,30.131,30.072,30.092,393
2026-09-22T07:05:00+00:00,30.092,30.114,30.089,30.095,216
2026-09-22T07:10:00+00:00,30.095,30.097,30.084,30.092,461
2026-09-22T07:15:00+00:00,30.092,30.102,30.079,30.098,691
2026-09-22T07:20:00+00:00,30.098,30.105,30.082,30.085,498
2026-09-22T07:25:00+00:00,30.085,30.099,30.081,30.094,482
2026-09-22T07:30:00+00:00,30.094,30.122,30.086,30.108,603
2026-09-22T07:35:00+00:00,30.108,30.125,30.093,30.122,189
2026-09-22T07:40:00+00:00,30.122,30.134,30.061,30.072,390
2026-09-22T07:45:00+00:00,30.072,30.126,30.051,30.117,433
2026-09-22T07:50:00+00:00,30.117,30.122,30.087,30.11,779
2026-09-22T07:55:00+00:00,30.11,30.153,30.104,30.129,375
2026-09-22T08:00:00+00:00,30.129,30.136,30.101,30.114,601
2026-09-22T08:05:00+00:00,30.114,30.136,30.103,30.12,722
2026-09-22T08:10:00+00:00,30.12,30.139,30.118,30.125,865
2026-09-22T08:15:00+00:00,30.125,30.136,30.106,30.113,729
2026-09-22T08:20:00+00:00,30.113,30.121,30.102,30.117,311
2026-09-22T08:25:00+00:00,30.117,30.13,30.066,30.078,432
2026-09-22T08:30:00+00:00,30.078,30.093,30.035,30.048,386
2026-09-22T08:35:00+00:00,30.048,30.063,30.043,30.045,353
2026-09-22T08:40:00+00:00,30.045,30.048,30.024,30.029,764
2026-09-22T08:45:00+00:00,30.029,30.035,30.013,30.021,814
2026-09-22T08:50:00+00:00,30.021,30.056,30.009,30.05,469
2026-09-22T08:55:00+00:00,30.05,30.052,30.036,30.038,135
2026-09-22T09:00:00+00:00,30.038,30.074,30.029,30.057,489
2026-09-22T09:05:00+00:00,30.057,30.07,30.05,30.06,629
2026-09-22T09:10:00+00:00,30.06,30.066,30.013,30.028,756
2026-09-22T09:15:00+00:00,30.028,30.036,30.008,30.017,290
2026-09-22T09:20:00+00:00,30.017,30.029,29.993,30.009,388
2026-09-22T09:25:00+00:00,30.009,30.013,29.984,29.998,785
2026-09-22T09:30:00+00:00,29.998,30.007,29.975,29.984,747
2026-09-22T09:35:00+00:00,29.984,30.0,29.976,29.984,262
2026-09-22T09:40:00+00:00,29.984,29.998,29.981,29.992,537
2026-09-22T09:45:00+00:00,29.992,29.997,29.986,29.992,593
2026-09-22T09:50:00+00:00,29.992,30.011,29.963,29.98,445
2026-09-22T09:55:00+00:00,29.98,29.986,29.966,29.972,581
2026-09-22T10:00:00+00:00,29.972,29.976,29.95,29.955,713
2026-09-22T10:05:00+00:00,29.955,29.997,29.945,29.985,625
2026-09-22T10:10:00+00:00,29.985,29.991,29.943,29.955,528
2026-09-22T10:15:00+00:00,29.955,29.96,29.945,29.95,398
2026-09-22T10:20:00+00:00,29.95,29.968,29.922,29.933,246
2026-09-22T10:25:00+00:00,29.933,29.94,29.903,29.917,732
2026-09-22T10:30:00+00:00,29.917,29.947,29.91,29.93,308
2026-09-22T10:35:00+00:00,29.93,29.946,29.926,29.935,441
2026-09-22T10:40:00+00:00,29.935,29.953,29.93,29.939,693
2026-09-22T10:45:00+00:00,29.939,29.962,29.923,29.947,522
2026-09-22T10:50:00+00:00,29.947,29.952,29.902,29.921,600
2026-09-22T10:55:00+00:00,29.921,29.933,29.904,29.928,460
2026-09-22T11:00:00+00:00,29.928,29.939,29.923,29.924,630
2026-09-22T11:05:00+00:00,29.924,29.956,29.916,29.95,680
2026-09-22T11:10:00+00:00,29.95,29.978,29.945,29.947,30
2026-09-22T11:15:00+00:00,29.947,29.952,29.925,29.933,430
2026-09-22T11:20:00+00:00,29.933,29.945,29.922,29.941,651
2026-09-22T11:25:00+00:00,29.941,29.978,29.927,29.96,411
2026-09-22T11:30:00+00:00,29.96,29.97,29.923,29.937,807
2026-09-22T11:35:00+00:00,29.937,29.97,29.924,29.954,495
2026-09-22T11:40:00+00:00,29.954,29.957,29.93,29.941,370
2026-09-22T11:45:00+00:00,29.941,29.962,29.932,29.958,371
2026-09-22T11:50:00+00:00,29.958,29.978,29.954,29.964,515
2026-09-22T11:55:00+00:00,29.964,29.982,29.958,29.966,329
