open_time,open,high,low,close,tick_volume
2026-09-13T22:00:00+00:00,2400.0,2400.22,2399.5,2399.89,176
2026-09-13T22:05:00+00:00,2399.89,2400.09,2399.02,2399.24,394
2026-09-13T22:10:00+00:00,2399.24,2399.5,2399.18,2399.34,366
2026-09-13T22:15:00+00:00,2399.34,2399.59,2398.92,2399.07,240
2026-09-13T22:20:00+00:00,2399.07,2400.48,2398.67,2400.01,296
2026-09-13T22:25:00+00:00,2400.01,2400.32,2399.07,2399.89,428
2026-09-13T22:30:00+00:00,2399.89,2401.49,2399.31,2400.65,254
2026-09-13T22:35:00+00:00,2400.65,2401.8,2400.43,2401.4,420
2026-09-13T22:40:00+00:00,2401.4,2402.13,2401.16,2401.96,479
2026-09-13T22:45:00+00:00,2401.96,2402.27,2400.66,2401.1,501
2026-09-13T22:50:00+00:00,2401.1,2401.74,2400.96,2401.48,380
2026-09-13T22:55:00+00:00,2401.48,2402.18,2401.0,2401.89,175
2026-09-13T23:00:00+00:00,2401.89,2402.24,2401.63,2401.71,201
2026-09-13T23:05:00+00:00,2401.71,2402.14,2401.35,2401.64,321
2026-09-13T23:10:00+00:00,2401.64,2401.7,2401.4,2401.47,343
2026-09-13T23:15:00+00:00,2401.47,2401.58,2401.0,2401.28,262
2026-09-13T23:20:00+00:00,2401.28,2402.49,2401.11,2401.87,386
2026-09-13T23:25:00+00:00,2401.87,2402.15,2400.84,2401.29,436
2026-09-13T23:30:00+00:00,2401.29,2401.58,2400.94,2401.21,367
2026-09-13T23:35:00+00:00,2401.21,2401.84,2400.82,2401.57,391
2026-09-13T23:40:00+00:00,2401.57,2402.98,2400.85,2402.73,322
2026-09-13T23:45:00+00:00,2402.73,2403.23,2402.66,2402.88,316
2026-09-13T23:50:00+00:00,2402.88,2403.07,2402.19,2402.76,374
2026-09-13T23:55:00+00:00,2402.76,2404.08,2402.46,2403.61,378
2026-09-14T00:00:00+00:00,2403.61,2404.18,2403.36,2403.82,333
2026-09-14T00:05:00+00:00,2403.82,2404.22,2403.8,2403.84,141
2026-09-14T00:10:00+00:00,2403.84,2404.42,2403.49,2404.33,288
2026-09-14T00:15:00+00:00,2404.33,2404.86,2404.14,2404.45,234
2026-09-14T00:20:00+00:00,2404.45,2404.6,2404.19,2404.25,279
2026-09-14T00:25:00+00:00,2404.25,2404.6,2404.12,2404.4,247
2026-09-14T00:30:00+00:00,2404.4,2404.61,2404.14,2404.27,167
2026-09-14T00:35:00+00:00,2404.27,2404.38,2403.81,2404.32,415
2026-09-14T00:40:00+00:00,2404.32,2404.5,2404.13,2404.33,275
2026-09-14T00:45:00+00:00,2404.33,2404.55,2403.63,2404.17,222
2026-09-14T00:50:00+00:00,2404.17,2404.41,2403.51,2403.81,433
2026-09-14T00:55:00+00:00,2403.81,2403.97,2403.53,2403.82,275
2026-09-14T01:00:00+00:00,2403.82,2404.07,2402.67,2402.97,305
2026-09-14T01:05:00+00:00,2402.97,2403.14,2402.3,2402.43,92
2026-09-14T01:10:00+00:00,2402.43,2402.84,2401.74,2402.22,273
2026-09-14T01:15:00+00:00,2402.22,2402.28,2401.82,2401.91,326
2026-09-14T01:20:00+00:00,2401.91,2402.04,2401.5,2401.68,318
2026-09-14T01:25:00+00:00,2401.68,2402.27,2401.42,2401.7,190
2026-09-14T01:30:00+00:00,2401.7,2402.22,2401.41,2402.04,216
2026-09-14T01:35:00+00:00,2402.04,2402.25,2401.44,2402.14,367
2026-09-14T01:40:00+00:00,2402.14,2402.28,2401.95,2402.03,144
2026-09-14T01:45:00+00:00,2402.03,2402.32,2401.79,2402.11,484
2026-09-14T01:50:00+00:00,2402.11,2402.44,2402.07,2402.09,269
2026-09-14T01:55:00+00:00,2402.09,2402.55,2401.6,2401.69,177
2026-09-14T02:00:00+00:00,2401.69,2402.82,2401.11,2402.49,364
2026-09-14T02:05:00+00:00,2402.49,2403.24,2402.28,2402.84,387
2026-09-14T02:10:00+00:00,2402.84,2403.16,2401.65,2402.14,231
2026-09-14T02:15:00+00:00,2402.14,2403.4,2401.86,2402.94,401
2026-09-14T02:20:00+00:00,2402.94,2403.07,2402.1,2402.5,265
2026-09-14T02:25:00+00:00,2402.5,2403.06,2401.19,2401.61,339
2026-09-14T02:30:00+00:00,2401.61,2402.4,2401.03,2402.2,397
2026-09-14T02:35:00+00:00,2402.2,2402.26,2401.97,2402.05,497
2026-09-14T02:40:00+00:00,2402.05,2402.24,2401.22,2401.39,399
2026-09-14T02:45:00+00:00,2401.39,2401.68,2400.98,2401.46,98
2026-09-14T02:50:00+00:00,2401.46,2401.77,2401.23,2401.65,269
2026-09-14T02:55:00+00:00,2401.65,2402.03,2401.42,2401.88,220
2026-09-14T03:00:00+00:00,2401.88,2402.32,2401.66,2402.2,222
2026-09-14T03:05:00+00:00,2402.2,2402.59,2401.67,2401.81,176
2026-09-14T03:10:00+00:00,2401.81,2402.47,2401.59,2402.01,312
2026-09-14T03:15:00+00:00,2402.01,2402.28,2400.76,2401.2,346
2026-09-14T03:20:00+00:00,2401.2,2401.4,2400.59,2400.69,404
2026-09-14T03:25:00+00:00,2400.69,2400.78,2400.21,2400.29,288
2026-09-14T03:30:00+00:00,2400.29,2400.97,2400.18,2400.78,407
2026-09-14T03:35:00+00:00,2400.78,2401.08,2400.36,2401.0,400
2026-09-14T03:40:00+00:00,2401.0,2401.87,2400.6,2401.49,126
2026-09-14T03:45:00+00:00,2401.49,2401.54,2401.12,2401.25,313
2026-09-14T03:50:00+00:00,2401.25,2402.12,2400.96,2401.64,206
2026-09-14T03:55:00+00:00,2401.64,2402.89,2401.42,2402.69,282
2026-09-14T04:00:00+00:00,2402.69,2403.04,2401.59,2401.78,161
2026-09-14T04:05:00+00:00,2401.78,2401.88,2401.33,2401.65,381
2026-09-14T04:10:00+00:00,2401.65,2403.15,2401.27,2402.36,500
2026-09-14T04:15:00+00:00,2402.36,2402.7,2402.21,2402.33,257
2026-09-14T04:20:00+00:00,2402.33,2402.76,2402.09,2402.17,176
2026-09-14T04:25:00+00:00,2402.17,2402.8,2401.69,2401.91,551
2026-09-14T04:30:00+00:00,2401.91,2402.08,2401.56,2401.83,343
2026-09-14T04:35:00+00:00,2401.83,2402.0,2401.74,2401.97,388
2026-09-14T04:40:00+00:00,2401.97,2402.76,2401.57,2402.4,168
2026-09-14T04:45:00+00:00,2402.4,2402.46,2401.92,2402.09,288
2026-09-14T04:50:00+00:00,2402.09,2402.35,2401.84,2402.2,314
2026-09-14T04:55:00+00:00,2402.2,2403.29,2401.96,2403.0,489
2026-09-14T05:00:00+00:00,2403.0,2403.39,2402.78,2403.29,484
2026-09-14T05:05:00+00:00,2403.29,2403.79,2403.21,2403.7,267
2026-09-14T05:10:00+00:00,2403.7,2404.55,2403.55,2404.11,285
2026-09-14T05:15:00+00:00,2404.11,2404.48,2403.41,2403.88,325
2026-09-14T05:20:00+00:00,2403.88,2404.97,2403.7,2404.67,153
2026-09-14T05:25:00+00:00,2404.67,2405.56,2404.52,2405.24,188
2026-09-14T05:30:00+00:00,2405.24,2406.23,2405.07,2405.98,470
2026-09-14T05:35:00+00:00,2405.98,2406.28,2405.83,2406.17,201
2026-09-14T05:40:00+00:00,2406.17,2406.64,2405.38,2405.94,215
2026-09-14T05:45:00+00:00,2405.94,2406.15,2405.78,2405.9,317
2026-09-14T05:50:00+00:00,2405.9,2405.99,2405.66,2405.93,395
2026-09-14T05:55:00+00:00,2405.93,2406.14,2405.07,2405.25,428
2026-09-14T06:00:00+00:00,2405.25,2406.08,2404.75,2405.63,205
2026-09-14T06:05:00+00:00,2405.63,2406.06,2405.18,2405.4,549
2026-09-14T06:10:00+00:00,2405.4,2405.7,2404.6,2404.9,255
2026-09-14T06:15:00+00:00,2404.9,2405.31,2404.8,2405.19,333
2026-09-14T06:20:00+00:00,2405.19,2405.54,2404.93,2405.41,294
2026-09-14T06:25:00+00:00,2405.41,2405.59,2405.31,2405.45,242
2026-09-14T06:30:00+00:00,2405.45,2406.21,2404.55,2404.89,239
2026-09-14T06:35:00+00:00,2404.89,2405.38,2403.68,2404.01,372
2026-09-14T06:40:00+00:00,2404.01,2404.63,2403.86,2404.37,314
2026-09-14T06:45:00+00:00,2404.37,2404.73,2403.22,2403.79,397
2026-09-14T06:50:00+00:00,2403.79,2403.86,2403.54,2403.66,344
2026-09-14T06:55:00+00:00,2403.66,2404.01,2403.02,2403.29,297
2026-09-14T07:00:00+00:00,2403.29,2404.12,2401.66,2401.92,200
2026-09-14T07:05:00+00:00,2401.92,2403.92,2401.37,2403.38,311
2026-09-14T07:10:00+00:00,2403.38,2403.66,2403.29,2403.33,503
2026-09-14T07:15:00+00:00,2403.33,2405.22,2403.03,2404.32,520
2026-09-14T07:20:00+00:00,2404.32,2404.83,2402.9,2403.14,700
2026-09-14T07:25:00+00:00,2403.14,2403.66,2402.26,2403.17,632
2026-09-14T07:30:00+00:00,2403.17,2403.9,2402.41,2402.8,440
2026-09-14T07:35:00+00:00,2402.8,2403.27,2401.83,2402.02,438
2026-09-14T07:40:00+00:00,2402.02,2402.68,2400.93,2402.24,732
2026-09-14T07:45:00+00:00,2402.24,2403.71,2401.6,2402.86,338
2026-09-14T07:50:00+00:00,2402.86,2403.03,2402.4,2402.51,998
2026-09-14T07:55:00+00:00,2402.51,2404.09,2401.67,2403.28,676
2026-09-14T08:00:00+00:00,2403.28,2403.7,2401.94,2402.95,527
2026-09-14T08:05:00+00:00,2402.95,2403.2,2402.57,2402.8,354
2026-09-14T08:10:00+00:00,2402.8,2403.2,2402.47,2403.08,545
2026-09-14T08:15:00+00:00,2403.08,2404.09,2402.72,2403.35,442
2026-09-14T08:20:00+00:00,2403.35,2404.02,2402.99,2403.79,236
2026-09-14T08:25:00+00:00,2403.79,2404.92,2403.14,2404.33,647
2026-09-14T08:30:00+00:00,2404.33,2405.72,2404.1,2405.23,858
2026-09-14T08:35:00+00:00,2405.23,2406.34,2403.16,2403.87,416
2026-09-14T08:40:00+00:00,2403.87,2404.9,2403.77,2404.31,185
2026-09-14T08:45:00+00:00,2404.31,2404.7,2403.41,2403.66,442
2026-09-14T08:50:00+00:00,2403.66,2404.85,2403.17,2404.36,524
2026-09-14T08:55:00+00:00,2404.36,2405.23,2403.54,2405.05,414
2026-09-14T09:00:00+00:00,2405.05,2406.44,2404.48,2406.19,337
2026-09-14T09:05:00+00:00,2406.19,2408.13,2405.44,2407.31,671
2026-09-14T09:10:00+00:00,2407.31,2408.93,2404.75,2405.45,516
2026-09-14T09:15:00+00:00,2405.45,2407.15,2404.8,2406.42,581
2026-09-14T09:20:00+00:00,2406.42,2406.8,2405.39,2406.15,637
2026-09-14T09:25:00+00:00,2406.15,2406.41,2405.65,2406.07,753
2026-09-14T09:30:00+00:00,2406.07,2406.65,2405.91,2406.55,383
2026-09-14T09:35:00+00:00,2406.55,2407.05,2406.21,2406.32,600
2026-09-14T09:40:00+00:00,2406.32,2406.46,2405.77,2406.06,509
2026-09-14T09:45:00+00:00,2406.06,2408.22,2404.85,2407.74,461
2026-09-14T09:50:00+00:00,2407.74,2408.4,2406.55,2407.02,711
2026-09-14T09:55:00+00:00,2407.02,2408.5,2406.67,2408.19,266
2026-09-14T10:00:00+00:00,2408.19,2408.68,2407.38,2408.02,620
2026-09-14T10:05:00+00:00,2408.02,2408.67,2407.35,2408.08,603
2026-09-14T10:10:00+00:00,2408.08,2408.47,2406.31,2407.12,236
2026-09-14T10:15:00+00:00,2407.12,2407.31,2406.94,2407.17,563
2026-09-14T10:20:00+00:00,2407.17,2410.08,2405.68,2409.17,395
2026-09-14T10:25:00+00:00,2409.17,2409.81,2407.77,2408.5,586
2026-09-14T10:30:00+00:00,2408.5,2408.87,2407.58,2407.73,481
2026-09-14T10:35:00+00:00,2407.73,2408.01,2406.12,2406.83,589
2026-09-14T10:40:00+00:00,2406.83,2408.06,2406.35,2407.4,314
2026-09-14T10:45:00+00:00,2407.4,2407.69,2406.45,2406.73,176
2026-09-14T10:50:00+00:00,2406.73,2407.9,2406.06,2407.45,348
2026-09-14T10:55:00+00:00,2407.45,2408.95,2407.11,2408.16,283
2026-09-14T11:00:00+00:00,2408.16,2408.73,2406.42,2406.73,677
2026-09-14T11:05:00+00:00,2406.73,2407.94,2406.16,2407.66,316
2026-09-14T11:10:00+00:00,2407.66,2408.39,2406.08,2406.45,867
2026-09-14T11:15:00+00:00,2406.45,2408.68,2405.65,2408.11,689
2026-09-14T11:20:00+00:00,2408.11,2408.87,2405.45,2406.42,661
2026-09-14T11:25:00+00:00,2406.42,2408.02,2405.86,2407.54,145
2026-09-14T11:30:00+00:00,2407.54,2408.11,2406.41,2407.09,513
2026-09-14T11:35:00+00:00,2407.09,2407.92,2406.31,2407.28,498
2026-09-14T11:40:00+00:00,2407.28,2407.85,2406.79,2407.61,104
2026-09-14T11:45:00+00:00,2407.61,2408.72,2406.58,2408.42,517
2026-09-14T11:50:00+00:00,2408.42,2408.5,2407.91,2408.03,240
2026-09-14T11:55:00+00:00,2408.03,2408.51,2407.0,2407.34,475
2026-09-14T12:00:00+00:00,2407.34,2407.85,2406.27,2406.73,1412
2026-09-14T12:05:00+00:00,2406.73,2407.51,2403.97,2405.11,644
2026-09-14T12:10:00+00:00,2405.11,2405.2,2404.62,2404.94,606
2026-09-14T12:15:00+00:00,2404.94,2406.64,2403.75,2404.35,658
2026-09-14T12:20:00+00:00,2404.35,2404.67,2403.96,2404.33,440
2026-09-14T12:25:00+00:00,2404.33,2408.25,2403.74,2406.67,496
2026-09-14T12:30:00+00:00,2406.67,2406.91,2405.66,2406.18,676
2026-09-14T12:35:00+00:00,2406.18,2406.79,2404.87,2406.3,441
2026-09-14T12:40:00+00:00,2406.3,2406.74,2405.08,2405.5,455
2026-09-14T12:45:00+00:00,2405.5,2405.67,2404.74,2405.4,690
2026-09-14T12:50:00+00:00,2405.4,2405.98,2402.54,2403.16,670
2026-09-14T12:55:00+00:00,2403.16,2403.35,2402.04,2402.36,681
2026-09-14T13:00:00+00:00,2402.36,2402.66,2400.75,2401.79,737
2026-09-14T13:05:00+00:00,2401.79,2402.88,2400.86,2402.23,587
2026-09-14T13:10:00+00:00,2402.23,2402.98,2401.82,2402.64,685
2026-09-14T13:15:00+00:00,2402.64,2403.81,2400.99,2401.24,992
2026-09-14T13:20:00+00:00,2401.24,2402.24,2401.11,2401.91,860
2026-09-14T13:25:00+00:00,2401.91,2404.01,2401.1,2403.63,747
2026-09-14T13:30:00+00:00,2403.63,2404.23,2402.91,2403.83,723
2026-09-14T13:35:00+00:00,2403.83,2404.28,2402.58,2402.88,608
2026-09-14T13:40:00+00:00,2402.88,2403.72,2402.62,2402.81,621
2026-09-14T13:45:00+00:00,2402.81,2403.95,2402.27,2403.48,990
2026-09-14T13:50:00+00:00,2403.48,2406.01,2402.99,2405.47,845
2026-09-14T13:55:00+00:00,2405.47,2407.42,2404.93,2406.49,835
2026-09-14T14:00:00+00:00,2406.49,2406.79,2405.44,2406.03,625
2026-09-14T14:05:00+00:00,2406.03,2408.73,2404.76,2407.37,697
2026-09-14T14:10:00+00:00,2407.37,2408.39,2407.02,2407.43,411
2026-09-14T14:15:00+00:00,2407.43,2408.28,2406.29,2407.74,455
2026-09-14T14:20:00+00:00,2407.74,2409.34,2407.26,2408.87,623
2026-09-14T14:25:00+00:00,2408.87,2409.23,2407.34,2408.08,711
2026-09-14T14:30:00+00:00,2408.08,2409.17,2407.16,2408.98,1218
2026-09-14T14:35:00+00:00,2408.98,2409.5,2407.87,2408.48,415
2026-09-14T14:40:00+00:00,2408.48,2408.69,2407.75,2407.88,877
2026-09-14T14:45:00+00:00,2407.88,2407.99,2407.06,2407.59,401
2026-09-14T14:50:00+00:00,2407.59,2408.76,2407.3,2407.75,655
2026-09-14T14:55:00+00:00,2407.75,2408.24,2406.06,2408.13,426
2026-09-14T15:00:00+00:00,2408.13,2408.66,2407.48,2408.51,536
2026-09-14T15:05:00+00:00,2408.51,2409.18,2406.15,2406.66,505
2026-09-14T15:10:00+00:00,2406.66,2406.81,2405.53,2405.86,598
2026-09-14T15:15:00+00:00,2405.86,2406.15,2404.63,2405.36,390
2026-09-14T15:20:00+00:00,2405.36,2406.64,2404.55,2406.25,1018
2026-09-14T15:25:00+00:00,2406.25,2407.0,2404.65,2406.65,290
2026-09-14T15:30:00+00:00,2406.65,2407.2,2405.62,2405.78,529
2026-09-14T15:35:00+00:00,2405.78,2407.03,2405.31,2406.45,397
2026-09-14T15:40:00+00:00,2406.45,2407.99,2406.16,2407.21,302
2026-09-14T15:45:00+00:00,2407.21,2407.6,2406.75,2406.89,726
2026-09-14T15:50:00+00:00,2406.89,2407.12,2406.15,2406.29,690
2026-09-14T15:55:00+00:00,2406.29,2407.27,2404.39,2404.97,499
2026-09-14T16:00:00+00:00,2404.97,2405.5,2404.62,2404.77,788
2026-09-14T16:05:00+00:00,2404.77,2406.13,2404.06,2405.65,390
2026-09-14T16:10:00+00:00,2405.65,2407.55,2405.01,2407.2,388
2026-09-14T16:15:00+00:00,2407.2,2408.03,2406.79,2407.63,244
2026-09-14T16:20:00+00:00,2407.63,2408.36,2406.48,2407.89,363
2026-09-14T16:25:00+00:00,2407.89,2408.08,2407.42,2407.63,199
2026-09-14T16:30:00+00:00,2407.63,2408.54,2405.14,2406.26,815
2026-09-14T16:35:00+00:00,2406.26,2407.63,2405.87,2406.81,405
2026-09-14T16:40:00+00:00,2406.81,2409.63,2406.03,2408.1,413
2026-09-14T16:45:00+00:00,2408.1,2408.23,2407.38,2407.56,554
2026-09-14T16:50:00+00:00,2407.56,2408.79,2406.7,2407.96,385
2026-09-14T16:55:00+00:00,2407.96,2408.46,2405.95,2407.02,892
2026-09-14T17:00:00+00:00,2407.02,2407.68,2406.75,2407.24,631
2026-09-14T17:05:00+00:00,2407.24,2408.48,2406.91,2407.82,440
2026-09-14T17:10:00+00:00,2407.82,2408.56,2407.36,2407.48,321
2026-09-14T17:15:00+00:00,2407.48,2408.77,2406.78,2408.53,406
2026-09-14T17:20:00+00:00,2408.53,2409.9,2407.87,2409.55,759
2026-09-14T17:25:00+00:00,2409.55,2410.56,2409.08,2410.22,785
2026-09-14T17:30:00+00:00,2410.22,2413.99,2409.55,2413.06,665
2026-09-14T17:35:00+00:00,2413.06,2413.25,2412.01,2412.72,741
2026-09-14T17:40:00+00:00,2412.72,2415.41,2412.12,2414.59,497
2026-09-14T17:45:00+00:00,2414.59,2414.89,2413.02,2413.96,584
2026-09-14T17:50:00+00:00,2413.96,2414.01,2413.16,2413.99,212
2026-09-14T17:55:00+00:00,2413.99,2415.77,2412.82,2415.37,801
2026-09-14T18:00:00+00:00,2415.37,2415.86,2414.84,2414.99,658
2026-09-14T18:05:00+00:00,2414.99,2415.47,2413.3,2413.77,583
2026-09-14T18:10:00+00:00,2413.77,2414.39,2413.34,2414.26,319
2026-09-14T18:15:00+00:00,2414.26,2415.56,2412.99,2413.2,1008
2026-09-14T18:20:00+00:00,2413.2,2413.76,2411.31,2412.09,507
2026-09-14T18:25:00+00:00,2412.09,2413.78,2411.03,2413.4,553
2026-09-14T18:30:00+00:00,2413.4,2413.62,2412.59,2412.9,680
2026-09-14T18:35:00+00:00,2412.9,2413.98,2412.33,2413.25,314
2026-09-14T18:40:00+00:00,2413.25,2414.98,2412.89,2414.37,575
2026-09-14T18:45:00+00:00,2414.37,2416.02,2413.57,2415.04,373
2026-09-14T18:50:00+00:00,2415.04,2415.86,2414.51,2415.51,510
2026-09-14T18:55:00+00:00,2415.51,2416.5,2415.42,2415.91,470
2026-09-14T19:00:00+00:00,2415.91,2416.36,2413.81,2414.19,448
2026-09-14T19:05:00+00:00,2414.19,2414.9,2412.77,2413.2,94
2026-09-14T19:10:00+00:00,2413.2,2413.39,2413.18,2413.32,196
2026-09-14T19:15:00+00:00,2413.32,2413.89,2412.67,2412.99,405
2026-09-14T19:20:00+00:00,2412.99,2413.58,2412.38,2412.51,140
2026-09-14T19:25:00+00:00,2412.51,2412.66,2411.76,2412.28,676
2026-09-14T19:30:00+00:00,2412.28,2413.49,2411.52,2412.94,252
2026-09-14T19:35:00+00:00,2412.94,2413.32,2410.58,2411.26,721
2026-09-14T19:40:00+00:00,2411.26,2412.95,2410.98,2411.81,409
2026-09-14T19:45:00+00:00,2411.81,2413.63,2411.31,2413.03,540
2026-09-14T19:50:00+00:00,2413.03,2413.06,2412.84,2412.92,67
2026-09-14T19:55:00+00:00,2412.92,2413.34,2410.08,2410.84,658
2026-09-14T20:00:00+00:00,2410.84,2411.32,2409.59,2410.02,520
2026-09-14T20:05:00+00:00,2410.02,2410.19,2409.04,2409.55,479
2026-09-14T20:10:00+00:00,2409.55,2410.24,2409.14,2410.12,358
2026-09-14T20:15:00+00:00,2410.12,2410.38,2409.7,2410.08,356
2026-09-14T20:20:00+00:00,2410.08,2411.48,2409.86,2410.88,453
2026-09-14T20:25:00+00:00,2410.88,2411.58,2410.56,2411.37,474
2026-09-14T20:30:00+00:00,2411.37,2411.58,2411.22,2411.34,343
2026-09-14T20:35:00+00:00,2411.34,2411.91,2411.07,2411.44,525
2026-09-14T20:40:00+00:00,2411.44,2412.22,2411.28,2412.07,566
2026-09-14T20:45:00+00:00,2412.07,2413.11,2411.19,2411.66,381
2026-09-14T20:50:00+00:00,2411.66,2412.97,2411.33,2412.4,573
2026-09-14T20:55:00+00:00,2412.4,2412.57,2412.09,2412.21,316
2026-09-14T21:00:00+00:00,2412.21,2413.18,2411.79,2412.67,194
2026-09-14T21:05:00+00:00,2412.67,2413.21,2412.5,2413.1,483
2026-09-14T21:10:00+00:00,2413.1,2414.03,2412.98,2413.62,305
2026-09-14T21:15:00+00:00,2413.62,2414.07,2412.67,2413.02,316
2026-09-14T21:20:00+00:00,2413.02,2413.39,2412.4,2412.54,606
2026-09-14T21:25:00+00:00,2412.54,2413.73,2411.93,2413.52,301
2026-09-14T21:30:00+00:00,2413.52,2413.61,2412.95,2413.34,665
2026-09-14T21:35:00+00:00,2413.34,2414.31,2412.73,2414.02,198
2026-09-14T21:40:00+00:00,2414.02,2414.15,2413.57,2413.79,220
2026-09-14T21:45:00+00:00,2413.79,2415.49,2413.48,2414.93,186
2026-09-14T21:50:00+00:00,2414.93,2415.03,2414.19,2414.52,236
2026-09-14T21:55:00+00:00,2414.52,2414.66,2413.78,2414.16,552
2026-09-14T22:00:00+00:00,2414.16,2414.79,2413.97,2414.54,196
2026-09-14T22:05:00+00:00,2414.54,2415.28,2414.34,2415.03,375
2026-09-14T22:10:00+00:00,2415.03,2415.21,2414.89,2414.98,426
2026-09-14T22:15:00+00:00,2414.98,2415.71,2414.68,2415.36,261
2026-09-14T22:20:00+00:00,2415.36,2415.81,2413.76,2414.12,331
2026-09-14T22:25:00+00:00,2414.12,2414.37,2413.95,2414.03,274
2026-09-14T22:30:00+00:00,2414.03,2414.2,2412.92,2413.37,606
2026-09-14T22:35:00+00:00,2413.37,2413.94,2413.23,2413.45,467
2026-09-14T22:40:00+00:00,2413.45,2413.98,2413.13,2413.8,535
2026-09-14T22:45:00+00:00,2413.8,2414.19,2413.56,2414.1,129
2026-09-14T22:50:00+00:00,2414.1,2415.13,2411.38,2412.37,371
2026-09-14T22:55:00+00:00,2412.37,2412.52,2410.99,2411.9,340
2026-09-14T23:00:00+00:00,2411.9,2412.12,2411.17,2411.5,406
2026-09-14T23:05:00+00:00,2411.5,2412.1,2411.26,2411.36,336
2026-09-14T23:10:00+00:00,2411.36,2412.54,2410.68,2412.15,311
2026-09-14T23:15:00+00:00,2412.15,2412.37,2411.92,2412.2,347
2026-09-14T23:20:00+00:00,2412.2,2412.58,2411.57,2411.91,350
2026-09-14T23:25:00+00:00,2411.91,2412.32,2411.02,2411.24,324
2026-09-14T23:30:00+00:00,2411.24,2411.88,2410.87,2411.77,174
2026-09-14T23:35:00+00:00,2411.77,2412.25,2411.59,2411.66,154
2026-09-14T23:40:00+00:00,2411.66,2412.02,2411.28,2411.39,319
2026-09-14T23:45:00+00:00,2411.39,2411.7,2410.36,2410.78,239
2026-09-14T23:50:00+00:00,2410.78,2411.19,2409.15,2409.62,467
2026-09-14T23:55:00+00:00,2409.62,2410.33,2409.26,2409.89,71
2026-09-15T00:00:00+00:00,2409.89,2410.04,2408.87,2409.21,455
2026-09-15T00:05:00+00:00,2409.21,2409.4,2407.94,2408.42,126
2026-09-15T00:10:00+00:00,2408.42,2408.83,2407.29,2407.74,290
2026-09-15T00:15:00+00:00,2407.74,2408.13,2407.29,2408.0,422
2026-09-15T00:20:00+00:00,2408.0,2408.23,2407.37,2408.08,173
2026-09-15T00:25:00+00:00,2408.08,2408.32,2407.86,2407.98,360
2026-09-15T00:30:00+00:00,2407.98,2408.03,2407.5,2407.7,311
2026-09-15T00:35:00+00:00,2407.7,2408.05,2406.8,2407.0,382
2026-09-15T00:40:00+00:00,2407.0,2407.21,2406.55,2406.71,381
2026-09-15T00:45:00+00:00,2406.71,2406.84,2406.1,2406.27,299
2026-09-15T00:50:00+00:00,2406.27,2407.15,2406.14,2406.9,357
2026-09-15T00:55:00+00:00,2406.9,2407.15,2406.28,2406.52,287
2026-09-15T01:00:00+00:00,2406.52,2407.0,2405.25,2405.84,276
2026-09-15T01:05:00+00:00,2405.84,2405.9,2405.31,2405.55,364
2026-09-15T01:10:00+00:00,2405.55,2406.18,2405.25,2405.54,370
2026-09-15T01:15:00+00:00,2405.54,2405.66,2405.4,2405.53,228
2026-09-15T01:20:00+00:00,2405.53,2405.56,2405.39,2405.5,384
2026-09-15T01:25:00+00:00,2405.5,2406.18,2405.16,2406.03,380
2026-09-15T01:30:00+00:00,2406.03,2406.23,2405.61,2405.94,319
2026-09-15T01:35:00+00:00,2405.94,2406.63,2405.78,2406.19,372
2026-09-15T01:40:00+00:00,2406.19,2406.37,2406.05,2406.29,247
2026-09-15T01:45:00+00:00,2406.29,2406.66,2406.1,2406.34,431
2026-09-15T01:50:00+00:00,2406.34,2406.66,2406.21,2406.56,396
2026-09-15T01:55:00+00:00,2406.56,2407.02,2406.4,2406.95,196
2026-09-15T02:00:00+00:00,2406.95,2407.31,2406.51,2407.13,371
2026-09-15T02:05:00+00:00,2407.13,2407.56,2406.56,2406.97,440
2026-09-15T02:10:00+00:00,2406.97,2407.23,2405.75,2406.12,471
2026-09-15T02:15:00+00:00,2406.12,2406.51,2405.5,2405.77,253
2026-09-15T02:20:00+00:00,2405.77,2406.93,2405.61,2406.43,348
2026-09-15T02:25:00+00:00,2406.43,2406.53,2405.53,2405.97,313
2026-09-15T02:30:00+00:00,2405.97,2406.16,2405.03,2405.2,265
2026-09-15T02:35:00+00:00,2405.2,2406.71,2404.92,2406.41,328
2026-09-15T02:40:00+00:00,2406.41,2406.62,2405.43,2405.95,269
2026-09-15T02:45:00+00:00,2405.95,2406.16,2405.41,2405.54,442
2026-09-15T02:50:00+00:00,2405.54,2405.82,2404.88,2405.11,254
2026-09-15T02:55:00+00:00,2405.11,2405.3,2404.26,2404.42,362
2026-09-15T03:00:00+00:00,2404.42,2404.69,2403.6,2403.84,237
2026-09-15T03:05:00+00:00,2403.84,2404.53,2403.25,2404.39,130
2026-09-15T03:10:00+00:00,2404.39,2404.8,2404.03,2404.52,312
2026-09-15T03:15:00+00:00,2404.52,2404.64,2404.46,2404.53,354
2026-09-15T03:20:00+00:00,2404.53,2404.64,2403.78,2403.99,380
2026-09-15T03:25:00+00:00,2403.99,2404.41,2403.91,2404.18,478
2026-09-15T03:30:00+00:00,2404.18,2404.5,2403.5,2403.85,40
2026-09-15T03:35:00+00:00,2403.85,2404.6,2403.71,2404.4,397
2026-09-15T03:40:00+00:00,2404.4,2405.53,2404.11,2405.15,412
2026-09-15T03:45:00+00:00,2405.15,2405.73,2404.34,2404.7,299
2026-09-15T03:50:00+00:00,2404.7,2405.07,2404.52,2404.75,299
2026-09-15T03:55:00+00:00,2404.75,2405.66,2404.39,2405.23,332
2026-09-15T04:00:00+00:00,2405.23,2405.47,2405.03,2405.42,379
2026-09-15T04:05:00+00:00,2405.42,2406.11,2404.97,2405.77,271
2026-09-15T04:10:00+00:00,2405.77,2406.22,2405.63,2405.96,268
2026-09-15T04:15:00+00:00,2405.96,2406.12,2405.26,2405.38,378
2026-09-15T04:20:00+00:00,2405.38,2405.67,2405.12,2405.18,198
2026-09-15T04:25:00+00:00,2405.18,2405.78,2404.92,2405.62,260
2026-09-15T04:30:00+00:00,2405.62,2405.71,2404.97,2405.19,334
2026-09-15T04:35:00+00:00,2405.19,2406.26,2404.95,2405.61,267
2026-09-15T04:40:00+00:00,2405.61,2406.03,2404.5,2404.94,343
2026-09-15T04:45:00+00:00,2404.94,2405.07,2404.57,2404.99,320
2026-09-15T04:50:00+00:00,2404.99,2405.44,2404.74,2404.86,400
2026-09-15T04:55:00+00:00,2404.86,2405.33,2404.21,2404.32,255
2026-09-15T05:00:00+00:00,2404.32,2404.49,2404.1,2404.3,400
2026-09-15T05:05:00+00:00,2404.3,2404.83,2404.05,2404.44,168
2026-09-15T05:10:00+00:00,2404.44,2404.93,2404.16,2404.69,318
2026-09-15T05:15:00+00:00,2404.69,2405.21,2404.32,2404.51,155
2026-09-15T05:20:00+00:00,2404.51,2404.68,2404.34,2404.41,243
2026-09-15T05:25:00+00:00,2404.41,2404.65,2404.24,2404.44,263
2026-09-15T05:30:00+00:00,2404.44,2404.87,2403.1,2404.03,256
2026-09-15T05:35:00+00:00,2404.03,2404.17,2403.11,2403.28,381
2026-09-15T05:40:00+00:00,2403.28,2403.52,2402.54,2402.82,467
2026-09-15T05:45:00+00:00,2402.82,2403.12,2402.64,2402.89,148
2026-09-15T05:50:00+00:00,2402.89,2403.33,2402.7,2402.78,97
2026-09-15T05:55:00+00:00,2402.78,2403.65,2402.4,2403.4,182
2026-09-15T06:00:00+00:00,2403.4,2403.64,2403.33,2403.48,154
2026-09-15T06:05:00+00:00,2403.48,2404.44,2403.24,2404.03,296
2026-09-15T06:10:00+00:00,2404.03,2404.35,2403.95,2404.23,190
2026-09-15T06:15:00+00:00,2404.23,2404.45,2403.93,2404.39,108
2026-09-15T06:20:00+00:00,2404.39,2404.42,2404.23,2404.33,353
2026-09-15T06:25:00+00:00,2404.33,2404.88,2404.01,2404.77,240
2026-09-15T06:30:00+00:00,2404.77,2405.02,2404.67,2404.86,197
2026-09-15T06:35:00+00:00,2404.86,2405.28,2404.53,2405.11,388
2026-09-15T06:40:00+00:00,2405.11,2405.49,2404.05,2404.23,266
2026-09-15T06:45:00+00:00,2404.23,2405.44,2403.72,2405.07,217
2026-09-15T06:50:00+00:00,2405.07,2405.29,2404.21,2404.42,221
2026-09-15T06:55:00+00:00,2404.42,2405.52,2403.93,2405.21,378
2026-09-15T07:00:00+00:00,2405.21,2405.56,2403.94,2404.78,676
2026-09-15T07:05:00+00:00,2404.78,2405.7,2404.58,2404.93,703
2026-09-15T07:10:00+00:00,2404.93,2405.32,2404.74,2405.22,467
2026-09-15T07:15:00+00:00,2405.22,2406.38,2404.9,2405.83,654
2026-09-15T07:20:00+00:00,2405.83,2406.44,2404.73,2405.08,707
2026-09-15T07:25:00+00:00,2405.08,2405.15,2404.27,2404.72,232
2026-09-15T07:30:00+00:00,2404.72,2406.42,2403.77,2406.06,337
2026-09-15T07:35:00+00:00,2406.06,2407.09,2405.56,2406.85,463
2026-09-15T07:40:00+00:00,2406.85,2407.39,2405.39,2405.76,612
2026-09-15T07:45:00+00:00,2405.76,2405.89,2405.62,2405.72,605
2026-09-15T07:50:00+00:00,2405.72,2406.23,2405.64,2406.0,517
2026-09-15T07:55:00+00:00,2406.0,2406.34,2404.35,2404.67,184
2026-09-15T08:00:00+00:00,2404.67,2405.64,2404.26,2405.26,412
2026-09-15T08:05:00+00:00,2405.26,2406.09,2404.48,2405.72,563
2026-09-15T08:10:00+00:00,2405.72,2406.1,2405.6,2405.94,577
2026-09-15T08:15:00+00:00,2405.94,2408.67,2404.75,2408.05,459
2026-09-15T08:20:00+00:00,2408.05,2408.58,2407.68,2408.06,376
2026-09-15T08:25:00+00:00,2408.06,2408.81,2405.35,2405.77,706
2026-09-15T08:30:00+00:00,2405.77,2405.92,2405.21,2405.84,757
2026-09-15T08:35:00+00:00,2405.84,2406.51,2404.98,2405.82,692
2026-09-15T08:40:00+00:00,2405.82,2406.56,2405.38,2405.66,746
2026-09-15T08:45:00+00:00,2405.66,2406.37,2403.52,2404.31,1121
2026-09-15T08:50:00+00:00,2404.31,2406.23,2403.97,2405.77,224
2026-09-15T08:55:00+00:00,2405.77,2406.47,2405.68,2406.12,795
2026-09-15T09:00:00+00:00,2406.12,2406.61,2404.68,2404.92,202
2026-09-15T09:05:00+00:00,2404.92,2405.18,2404.29,2404.52,161
2026-09-15T09:10:00+00:00,2404.52,2404.78,2403.91,2404.18,813
2026-09-15T09:15:00+00:00,2404.18,2404.37,2403.23,2403.62,647
2026-09-15T09:20:00+00:00,2403.62,2403.93,2403.59,2403.66,437
2026-09-15T09:25:00+00:00,2403.66,2404.35,2402.55,2403.33,494
2026-09-15T09:30:00+00:00,2403.33,2403.96,2401.95,2402.83,490
2026-09-15T09:35:00+00:00,2402.83,2403.3,2401.32,2401.71,740
2026-09-15T09:40:00+00:00,2401.71,2402.51,2399.68,2400.01,776
2026-09-15T09:45:00+00:00,2400.01,2400.24,2399.72,2399.94,378
2026-09-15T09:50:00+00:00,2399.94,2400.04,2399.58,2399.82,136
2026-09-15T09:55:00+00:00,2399.82,2401.1,2399.37,2400.31,833
2026-09-15T10:00:00+00:00,2400.31,2402.45,2400.02,2401.47,760
2026-09-15T10:05:00+00:00,2401.47,2402.54,2400.43,2402.06,658
2026-09-15T10:10:00+00:00,2402.06,2402.12,2401.76,2401.84,467
2026-09-15T10:15:00+00:00,2401.84,2402.7,2400.97,2402.48,544
2026-09-15T10:20:00+00:00,2402.48,2403.59,2401.25,2401.55,228
2026-09-15T10:25:00+00:00,2401.55,2401.89,2401.46,2401.5,518
2026-09-15T10:30:00+00:00,2401.5,2403.8,2400.98,2403.28,612
2026-09-15T10:35:00+00:00,2403.28,2404.59,2403.11,2404.03,463
2026-09-15T10:40:00+00:00,2404.03,2405.12,2402.67,2402.97,586
2026-09-15T10:45:00+00:00,2402.97,2405.5,2402.4,2403.9,692
2026-09-15T10:50:00+00:00,2403.9,2404.11,2402.65,2403.2,702
2026-09-15T10:55:00+00:00,2403.2,2404.67,2402.59,2403.43,304
2026-09-15T11:00:00+00:00,2403.43,2404.01,2402.91,2403.77,476
2026-09-15T11:05:00+00:00,2403.77,2404.7,2402.57,2403.0,579
2026-09-15T11:10:00+00:00,2403.0,2403.56,2401.71,2402.23,745
2026-09-15T11:15:00+00:00,2402.23,2404.81,2401.14,2404.17,725
2026-09-15T11:20:00+00:00,2404.17,2406.15,2403.53,2405.31,512
2026-09-15T11:25:00+00:00,2405.31,2407.13,2404.48,2406.16,442
2026-09-15T11:30:00+00:00,2406.16,2409.73,2405.59,2408.46,653
2026-09-15T11:35:00+00:00,2408.46,2408.65,2407.75,2408.02,96
2026-09-15T11:40:00+00:00,2408.02,2408.41,2407.86,2408.23,557
2026-09-15T11:45:00+00:00,2408.23,2408.79,2407.52,2407.71,283
2026-09-15T11:50:00+00:00,2407.71,2409.41,2405.48,2406.66,551
2026-09-15T11:55:00+00:00,2406.66,2407.17,2404.17,2404.63,698
2026-09-15T12:00:00+00:00,2404.63,2405.45,2403.77,2405.02,261
2026-09-15T12:05:00+00:00,2405.02,2407.09,2404.48,2406.53,890
2026-09-15T12:10:00+00:00,2406.53,2407.42,2405.21,2406.72,1157
2026-09-15T12:15:00+00:00,2406.72,2407.85,2405.52,2407.46,325
2026-09-15T12:20:00+00:00,2407.46,2409.35,2406.89,2408.29,815
2026-09-15T12:25:00+00:00,2408.29,2409.22,2407.62,2407.87,492
2026-09-15T12:30:00+00:00,2407.87,2408.26,2407.33,2407.98,475
2026-09-15T12:35:00+00:00,2407.98,2408.81,2406.26,2407.09,913
2026-09-15T12:40:00+00:00,2407.09,2407.59,2404.31,2405.25,478
2026-09-15T12:45:00+00:00,2405.25,2406.0,2404.44,2405.62,250
2026-09-15T12:50:00+00:00,2405.62,2406.05,2405.17,2405.81,510
2026-09-15T12:55:00+00:00,2405.81,2406.48,2404.99,2405.67,376
2026-09-15T13:00:00+00:00,2405.67,2406.58,2405.39,2405.74,117
2026-09-15T13:05:00+00:00,2405.74,2406.56,2405.1,2405.2,990
2026-09-15T13:10:00+00:00,2405.2,2405.72,2404.33,2405.62,683
2026-09-15T13:15:00+00:00,2405.62,2407.21,2405.16,2406.78,721
2026-09-15T13:20:00+00:00,2406.78,2407.04,2404.67,2405.71,390
2026-09-15T13:25:00+00:00,2405.71,2406.19,2402.74,2403.95,899
2026-09-15T13:30:00+00:00,2403.95,2404.95,2403.14,2403.39,701
2026-09-15T13:35:00+00:00,2403.39,2405.01,2402.27,2404.45,758
2026-09-15T13:40:00+00:00,2404.45,2407.02,2403.37,2406.62,650
2026-09-15T13:45:00+00:00,2406.62,2407.58,2404.53,2405.05,375
2026-09-15T13:50:00+00:00,2405.05,2405.44,2403.71,2404.59,857
2026-09-15T13:55:00+00:00,2404.59,2405.17,2404.37,2404.94,228
2026-09-15T14:00:00+00:00,2404.94,2405.9,2402.82,2403.44,1076
2026-09-15T14:05:00+00:00,2403.44,2403.71,2402.39,2402.63,645
2026-09-15T14:10:00+00:00,2402.63,2402.77,2401.71,2402.06,418
2026-09-15T14:15:00+00:00,2402.06,2402.72,2401.68,2402.56,1033
2026-09-15T14:20:00+00:00,2402.56,2403.21,2401.85,2402.15,674
2026-09-15T14:25:00+00:00,2402.15,2402.68,2400.92,2402.59,948
2026-09-15T14:30:00+00:00,2402.59,2403.19,2401.98,2402.5,883
2026-09-15T14:35:00+00:00,2402.5,2404.05,2400.39,2403.67,663
2026-09-15T14:40:00+00:00,2403.67,2404.87,2403.1,2404.2,824
2026-09-15T14:45:00+00:00,2404.2,2405.02,2403.8,2404.04,500
2026-09-15T14:50:00+00:00,2404.04,2404.83,2403.86,2404.5,365
2026-09-15T14:55:00+00:00,2404.5,2405.47,2403.99,2404.88,368
2026-09-15T15:00:00+00:00,2404.88,2405.02,2403.91,2404.3,594
2026-09-15T15:05:00+00:00,2404.3,2404.49,2403.81,2403.92,350
2026-09-15T15:10:00+00:00,2403.92,2404.29,2402.73,2403.05,571
2026-09-15T15:15:00+00:00,2403.05,2404.04,2402.74,2403.86,438
2026-09-15T15:20:00+00:00,2403.86,2404.24,2402.8,2403.43,364
2026-09-15T15:25:00+00:00,2403.43,2403.62,2403.2,2403.42,705
2026-09-15T15:30:00+00:00,2403.42,2406.0,2402.95,2405.41,272
2026-09-15T15:35:00+00:00,2405.41,2405.77,2404.93,2405.37,507
2026-09-15T15:40:00+00:00,2405.37,2405.6,2405.03,2405.17,89
2026-09-15T15:45:00+00:00,2405.17,2405.58,2404.12,2404.62,652
2026-09-15T15:50:00+00:00,2404.62,2405.48,2404.38,2405.21,622
2026-09-15T15:55:00+00:00,2405.21,2405.59,2403.58,2404.17,529
2026-09-15T16:00:00+00:00,2404.17,2406.24,2403.9,2405.22,544
2026-09-15T16:05:00+00:00,2405.22,2406.13,2404.46,2405.74,880
2026-09-15T16:10:00+00:00,2405.74,2406.0,2404.21,2404.72,465
2026-09-15T16:15:00+00:00,2404.72,2405.8,2404.15,2404.88,357
2026-09-15T16:20:00+00:00,2404.88,2405.3,2404.7,2405.2,840
2026-09-15T16:25:00+00:00,2405.2,2406.33,2404.62,2406.14,613
2026-09-15T16:30:00+00:00,2406.14,2406.64,2406.04,2406.12,845
2026-09-15T16:35:00+00:00,2406.12,2406.46,2405.67,2406.33,674
2026-09-15T16:40:00+00:00,2406.33,2407.51,2405.97,2406.7,579
2026-09-15T16:45:00+00:00,2406.7,2407.39,2405.45,2405.91,140
2026-09-15T16:50:00+00:00,2405.91,2406.39,2405.75,2406.27,591
2026-09-15T16:55:00+00:00,2406.27,2406.79,2405.77,2405.9,309
2026-09-15T17:00:00+00:00,2405.9,2406.63,2405.64,2406.3,514
2026-09-15T17:05:00+00:00,2406.3,2408.6,2405.84,2408.1,559
2026-09-15T17:10:00+00:00,2408.1,2408.39,2407.59,2408.32,296
2026-09-15T17:15:00+00:00,2408.32,2409.99,2407.59,2409.31,330
2026-09-15T17:20:00+00:00,2409.31,2409.59,2408.73,2408.84,223
2026-09-15T17:25:00+00:00,2408.84,2409.71,2408.52,2409.19,254
2026-09-15T17:30:00+00:00,2409.19,2409.35,2408.73,2409.1,358
2026-09-15T17:35:00+00:00,2409.1,2409.48,2407.87,2408.86,586
2026-09-15T17:40:00+00:00,2408.86,2411.3,2408.1,2410.46,757
2026-09-15T17:45:00+00:00,2410.46,2412.06,2410.09,2411.59,321
2026-09-15T17:50:00+00:00,2411.59,2411.68,2411.29,2411.38,276
2026-09-15T17:55:00+00:00,2411.38,2413.35,2411.16,2412.38,957
2026-09-15T18:00:00+00:00,2412.38,2412.81,2409.81,2410.43,310
2026-09-15T18:05:00+00:00,2410.43,2411.13,2409.32,2409.86,1083
2026-09-15T18:10:00+00:00,2409.86,2410.13,2409.48,2409.92,334
2026-09-15T18:15:00+00:00,2409.92,2410.58,2408.06,2408.51,694
2026-09-15T18:20:00+00:00,2408.51,2409.25,2407.46,2407.81,1021
2026-09-15T18:25:00+00:00,2407.81,2409.66,2407.42,2408.97,487
2026-09-15T18:30:00+00:00,2408.97,2409.14,2408.07,2408.62,378
2026-09-15T18:35:00+00:00,2408.62,2409.62,2407.98,2409.38,458
2026-09-15T18:40:00+00:00,2409.38,2410.74,2408.73,2408.95,874
2026-09-15T18:45:00+00:00,2408.95,2410.67,2408.48,2410.24,651
2026-09-15T18:50:00+00:00,2410.24,2410.4,2409.03,2409.32,247
2026-09-15T18:55:00+00:00,2409.32,2411.14,2408.07,2410.85,408
2026-09-15T19:00:00+00:00,2410.85,2411.18,2409.39,2409.93,549
2026-09-15T19:05:00+00:00,2409.93,2410.56,2409.43,2410.11,546
2026-09-15T19:10:00+00:00,2410.11,2411.41,2409.78,2410.57,577
2026-09-15T19:15:00+00:00,2410.57,2411.6,2410.46,2410.97,467
2026-09-15T19:20:00+00:00,2410.97,2411.46,2409.07,2409.91,572
2026-09-15T19:25:00+00:00,2409.91,2410.27,2409.36,2409.82,392
2026-09-15T19:30:00+00:00,2409.82,2409.91,2409.38,2409.47,450
2026-09-15T19:35:00+00:00,2409.47,2409.9,2408.38,2408.73,627
2026-09-15T19:40:00+00:00,2408.73,2408.96,2408.28,2408.85,372
2026-09-15T19:45:00+00:00,2408.85,2410.7,2408.36,2410.04,475
2026-09-15T19:50:00+00:00,2410.04,2410.22,2409.51,2409.72,488
2026-09-15T19:55:00+00:00,2409.72,2409.76,2409.61,2409.74,274
2026-09-15T20:00:00+00:00,2409.74,2410.27,2407.81,2408.17,137
2026-09-15T20:05:00+00:00,2408.17,2408.83,2407.8,2408.62,351
2026-09-15T20:10:00+00:00,2408.62,2410.35,2408.16,2409.24,245
2026-09-15T20:15:00+00:00,2409.24,2409.35,2408.79,2409.02,538
2026-09-15T20:20:00+00:00,2409.02,2409.25,2408.28,2408.71,468
2026-09-15T20:25:00+00:00,2408.71,2409.49,2408.4,2409.12,399
2026-09-15T20:30:00+00:00,2409.12,2410.5,2408.9,2410.12,352
2026-09-15T20:35:00+00:00,2410.12,2410.41,2408.55,2409.01,247
2026-09-15T20:40:00+00:00,2409.01,2409.42,2408.46,2408.63,456
2026-09-15T20:45:00+00:00,2408.63,2409.51,2407.89,2408.34,89
2026-09-15T20:50:00+00:00,2408.34,2408.96,2406.95,2407.17,388
2026-09-15T20:55:00+00:00,2407.17,2408.49,2406.93,2407.72,494
2026-09-15T21:00:00+00:00,2407.72,2407.88,2407.31,2407.59,154
2026-09-15T21:05:00+00:00,2407.59,2408.55,2407.14,2408.08,272
2026-09-15T21:10:00+00:00,2408.08,2408.62,2407.74,2408.41,20
2026-09-15T21:15:00+00:00,2408.41,2410.29,2407.4,2409.71,227
2026-09-15T21:20:00+00:00,2409.71,2409.85,2409.32,2409.63,339
2026-09-15T21:25:00+00:00,2409.63,2410.65,2409.47,2410.23,195
2026-09-15T21:30:00+00:00,2410.23,2410.87,2409.04,2409.42,189
2026-09-15T21:35:00+00:00,2409.42,2409.48,2409.32,2409.41,444
2026-09-15T21:40:00+00:00,2409.41,2411.51,2409.1,2410.75,532
2026-09-15T21:45:00+00:00,2410.75,2411.06,2409.86,2410.11,510
2026-09-15T21:50:00+00:00,2410.11,2410.31,2409.99,2410.09,546
2026-09-15T21:55:00+00:00,2410.09,2410.4,2409.72,2410.27,451
2026-09-15T22:00:00+00:00,2410.27,2411.43,2409.95,2411.22,440
2026-09-15T22:05:00+00:00,2411.22,2411.9,2410.35,2410.9,478
2026-09-15T22:10:00+00:00,2410.9,2411.5,2409.74,2409.99,353
2026-09-15T22:15:00+00:00,2409.99,2410.36,2409.19,2409.63,282
2026-09-15T22:20:00+00:00,2409.63,2409.76,2409.16,2409.63,165
2026-09-15T22:25:00+00:00,2409.63,2410.1,2409.46,2409.63,393
2026-09-15T22:30:00+00:00,2409.63,2409.91,2409.51,2409.73,452
2026-09-15T22:35:00+00:00,2409.73,2409.92,2409.01,2409.25,383
2026-09-15T22:40:00+00:00,2409.25,2409.64,2407.32,2408.07,537
2026-09-15T22:45:00+00:00,2408.07,2408.31,2407.89,2408.1,783
2026-09-15T22:50:00+00:00,2408.1,2408.35,2407.4,2407.67,323
2026-09-15T22:55:00+00:00,2407.67,2408.01,2407.2,2407.35,417
2026-09-15T23:00:00+00:00,2407.35,2407.52,2406.49,2406.65,177
2026-09-15T23:05:00+00:00,2406.65,2407.07,2406.28,2407.0,264
2026-09-15T23:10:00+00:00,2407.0,2407.47,2406.7,2406.99,282
2026-09-15T23:15:00+00:00,2406.99,2407.09,2406.47,2406.74,439
2026-09-15T23:20:00+00:00,2406.74,2407.79,2406.39,2407.6,145
2026-09-15T23:25:00+00:00,2407.6,2408.33,2407.14,2407.95,369
2026-09-15T23:30:00+00:00,2407.95,2408.41,2407.37,2408.26,365
2026-09-15T23:35:00+00:00,2408.26,2408.47,2408.11,2408.2,338
2026-09-15T23:40:00+00:00,2408.2,2409.29,2408.02,2409.04,233
2026-09-15T23:45:00+00:00,2409.04,2409.22,2408.51,2408.72,241
2026-09-15T23:50:00+00:00,2408.72,2408.85,2407.98,2408.56,387
2026-09-15T23:55:00+00:00,2408.56,2408.79,2407.44,2407.63,264
2026-09-16T00:00:00+00:00,2407.63,2407.73,2407.56,2407.66,370
2026-09-16T00:05:00+00:00,2407.66,2407.97,2406.73,2406.92,529
2026-09-16T00:10:00+00:00,2406.92,2407.75,2406.74,2407.56,418
2026-09-16T00:15:00+00:00,2407.56,2408.26,2406.66,2407.16,342
2026-09-16T00:20:00+00:00,2407.16,2407.65,2407.1,2407.33,340
2026-09-16T00:25:00+00:00,2407.33,2407.99,2407.15,2407.74,331
2026-09-16T00:30:00+00:00,2407.74,2407.95,2406.47,2407.17,525
2026-09-16T00:35:00+00:00,2407.17,2407.28,2406.6,2406.74,384
2026-09-16T00:40:00+00:00,2406.74,2407.0,2406.08,2406.25,345
2026-09-16T00:45:00+00:00,2406.25,2406.69,2406.03,2406.51,186
2026-09-16T00:50:00+00:00,2406.51,2406.71,2405.94,2406.19,347
2026-09-16T00:55:00+00:00,2406.19,2406.36,2405.73,2406.29,164
2026-09-16T01:00:00+00:00,2406.29,2406.68,2405.81,2405.92,384
2026-09-16T01:05:00+00:00,2405.92,2406.29,2404.87,2405.32,286
2026-09-16T01:10:00+00:00,2405.32,2406.52,2405.07,2406.23,145
2026-09-16T01:15:00+00:00,2406.23,2406.78,2406.02,2406.53,293
2026-09-16T01:20:00+00:00,2406.53,2407.39,2406.29,2407.08,174
2026-09-16T01:25:00+00:00,2407.08,2408.08,2406.89,2407.35,37
2026-09-16T01:30:00+00:00,2407.35,2407.98,2407.11,2407.56,422
2026-09-16T01:35:00+00:00,2407.56,2408.47,2407.41,2407.81,240
2026-09-16T01:40:00+00:00,2407.81,2408.12,2407.33,2407.5,161
2026-09-16T01:45:00+00:00,2407.5,2407.64,2406.51,2406.75,188
2026-09-16T01:50:00+00:00,2406.75,2406.98,2406.58,2406.94,325
2026-09-16T01:55:00+00:00,2406.94,2407.35,2406.84,2406.96,332
2026-09-16T02:00:00+00:00,2406.96,2407.57,2406.6,2406.87,267
2026-09-16T02:05:00+00:00,2406.87,2407.14,2406.73,2407.01,382
2026-09-16T02:10:00+00:00,2407.01,2407.19,2406.15,2406.49,242
2026-09-16T02:15:00+00:00,2406.49,2406.82,2406.34,2406.66,253
2026-09-16T02:20:00+00:00,2406.66,2407.54,2406.44,2407.15,456
2026-09-16T02:25:00+00:00,2407.15,2407.21,2406.43,2406.78,443
2026-09-16T02:30:00+00:00,2406.78,2407.0,2406.64,2406.67,201
2026-09-16T02:35:00+00:00,2406.67,2407.14,2406.54,2406.88,334
2026-09-16T02:40:00+00:00,2406.88,2407.13,2406.73,2407.0,358
2026-09-16T02:45:00+00:00,2407.0,2408.01,2406.67,2407.8,185
2026-09-16T02:50:00+00:00,2407.8,2407.95,2407.41,2407.87,361
2026-09-16T02:55:00+00:00,2407.87,2408.27,2406.79,2407.03,483
2026-09-16T03:00:00+00:00,2407.03,2407.26,2406.81,2406.96,147
2026-09-16T03:05:00+00:00,2406.96,2407.44,2406.81,2407.13,269
2026-09-16T03:10:00+00:00,2407.13,2407.41,2406.42,2406.73,152
2026-09-16T03:15:00+00:00,2406.73,2407.5,2406.47,2407.35,216
2026-09-16T03:20:00+00:00,2407.35,2407.83,2407.04,2407.67,301
2026-09-16T03:25:00+00:00,2407.67,2408.11,2407.6,2407.76,334
2026-09-16T03:30:00+00:00,2407.76,2408.41,2407.5,2408.1,248
2026-09-16T03:35:00+00:00,2408.1,2408.98,2407.77,2408.47,408
2026-09-16T03:40:00+00:00,2408.47,2409.48,2407.82,2409.17,251
2026-09-16T03:45:00+00:00,2409.17,2409.49,2409.05,2409.26,146
2026-09-16T03:50:00+00:00,2409.26,2409.78,2409.03,2409.38,345
2026-09-16T03:55:00+00:00,2409.38,2409.45,2408.98,2409.07,345
2026-09-16T04:00:00+00:00,2409.07,2409.3,2408.91,2409.07,167
2026-09-16T04:05:00+00:00,2409.07,2409.14,2408.66,2408.8,211
2026-09-16T04:10:00+00:00,2408.8,2409.17,2407.55,2408.44,504
2026-09-16T04:15:00+00:00,2408.44,2408.48,2407.72,2408.28,391
2026-09-16T04:20:00+00:00,2408.28,2408.95,2408.12,2408.77,211
2026-09-16T04:25:00+00:00,2408.77,2409.21,2408.59,2409.08,408
2026-09-16T04:30:00+00:00,2409.08,2410.12,2408.77,2409.91,102
2026-09-16T04:35:00+00:00,2409.91,2410.2,2409.6,2409.73,312
2026-09-16T04:40:00+00:00,2409.73,2410.56,2409.45,2410.38,278
2026-09-16T04:45:00+00:00,2410.38,2410.81,2410.02,2410.15,233
2026-09-16T04:50:00+00:00,2410.15,2411.09,2409.96,2410.75,255
2026-09-16T04:55:00+00:00,2410.75,2411.28,2410.49,2411.02,184
2026-09-16T05:00:00+00:00,2411.02,2411.14,2410.38,2410.75,314
2026-09-16T05:05:00+00:00,2410.75,2411.59,2410.49,2411.41,330
2026-09-16T05:10:00+00:00,2411.41,2411.61,2411.08,2411.17,352
2026-09-16T05:15:00+00:00,2411.17,2411.37,2410.52,2411.21,157
2026-09-16T05:20:00+00:00,2411.21,2411.78,2410.9,2410.97,273
2026-09-16T05:25:00+00:00,2410.97,2411.12,2410.8,2410.96,226
2026-09-16T05:30:00+00:00,2410.96,2411.18,2410.75,2411.12,233
2026-09-16T05:35:00+00:00,2411.12,2411.42,2410.99,2411.08,109
2026-09-16T05:40:00+00:00,2411.08,2411.43,2410.47,2410.71,357
2026-09-16T05:45:00+00:00,2410.71,2411.02,2410.44,2410.91,392
2026-09-16T05:50:00+00:00,2410.91,2411.4,2410.75,2411.14,285
2026-09-16T05:55:00+00:00,2411.14,2411.5,2411.09,2411.27,366
2026-09-16T06:00:00+00:00,2411.27,2411.38,2410.94,2411.34,213
2026-09-16T06:05:00+00:00,2411.34,2411.74,2410.91,2411.21,306
2026-09-16T06:10:00+00:00,2411.21,2411.6,2411.14,2411.44,398
2026-09-16T06:15:00+00:00,2411.44,2412.33,2411.21,2411.68,309
2026-09-16T06:20:00+00:00,2411.68,2412.05,2410.95,2411.23,254
2026-09-16T06:25:00+00:00,2411.23,2411.58,2411.13,2411.43,445
2026-09-16T06:30:00+00:00,2411.43,2411.59,2410.56,2410.8,121
2026-09-16T06:35:00+00:00,2410.8,2411.11,2410.62,2411.02,387
2026-09-16T06:40:00+00:00,2411.02,2411.44,2410.83,2411.2,257
2026-09-16T06:45:00+00:00,2411.2,2411.58,2410.76,2411.21,318
2026-09-16T06:50:00+00:00,2411.21,2411.57,2409.92,2410.4,313
2026-09-16T06:55:00+00:00,2410.4,2410.51,2410.17,2410.28,251
2026-09-16T07:00:00+00:00,2410.28,2410.32,2410.09,2410.17,582
2026-09-16T07:05:00+00:00,2410.17,2410.58,2409.81,2410.46,878
2026-09-16T07:10:00+00:00,2410.46,2410.89,2408.3,2409.26,647
2026-09-16T07:15:00+00:00,2409.26,2409.51,2408.66,2409.02,775
2026-09-16T07:20:00+00:00,2409.02,2409.35,2408.16,2408.74,460
2026-09-16T07:25:00+00:00,2408.74,2409.46,2408.6,2409.35,300
2026-09-16T07:30:00+00:00,2409.35,2410.29,2407.59,2408.48,510
2026-09-16T07:35:00+00:00,2408.48,2408.98,2407.81,2408.05,524
2026-09-16T07:40:00+00:00,2408.05,2408.42,2406.03,2406.73,539
2026-09-16T07:45:00+00:00,2406.73,2407.55,2406.56,2407.39,755
2026-09-16T07:50:00+00:00,2407.39,2409.76,2406.64,2408.67,975
2026-09-16T07:55:00+00:00,2408.67,2409.9,2407.92,2408.13,483
2026-09-16T08:00:00+00:00,2408.13,2408.32,2407.54,2407.7,24
2026-09-16T08:05:00+00:00,2407.7,2408.44,2404.55,2405.63,252
2026-09-16T08:10:00+00:00,2405.63,2405.99,2404.45,2404.97,631
2026-09-16T08:15:00+00:00,2404.97,2406.14,2404.72,2405.67,328
2026-09-16T08:20:00+00:00,2405.67,2405.91,2404.58,2405.12,626
2026-09-16T08:25:00+00:00,2405.12,2405.53,2402.89,2403.65,351
2026-09-16T08:30:00+00:00,2403.65,2404.88,2403.18,2403.59,298
2026-09-16T08:35:00+00:00,2403.59,2403.78,2403.43,2403.55,646
2026-09-16T08:40:00+00:00,2403.55,2404.08,2402.99,2403.09,379
2026-09-16T08:45:00+00:00,2403.09,2403.86,2402.93,2403.15,379
2026-09-16T08:50:00+00:00,2403.15,2403.68,2400.98,2401.75,408
2026-09-16T08:55:00+00:00,2401.75,2402.44,2401.24,2401.51,244
2026-09-16T09:00:00+00:00,2401.51,2402.73,2401.32,2402.35,324
2026-09-16T09:05:00+00:00,2402.35,2402.5,2401.05,2401.89,459
2026-09-16T09:10:00+00:00,2401.89,2402.98,2401.47,2402.62,508
2026-09-16T09:15:00+00:00,2402.62,2402.78,2402.18,2402.29,249
2026-09-16T09:20:00+00:00,2402.29,2403.67,2401.15,2401.46,813
2026-09-16T09:25:00+00:00,2401.46,2401.75,2399.28,2400.18,420
2026-09-16T09:30:00+00:00,2400.18,2401.21,2399.69,2400.63,461
2026-09-16T09:35:00+00:00,2400.63,2401.33,2400.36,2400.85,461
2026-09-16T09:40:00+00:00,2400.85,2401.02,2399.54,2399.94,709
2026-09-16T09:45:00+00:00,2399.94,2400.29,2399.31,2400.1,789
2026-09-16T09:50:00+00:00,2400.1,2400.95,2397.5,2398.3,610
2026-09-16T09:55:00+00:00,2398.3,2398.72,2397.98,2398.34,674
2026-09-16T10:00:00+00:00,2398.34,2399.77,2397.31,2397.98,504
2026-09-16T10:05:00+00:00,2397.98,2398.23,2396.82,2397.83,299
2026-09-16T10:10:00+00:00,2397.83,2398.54,2396.89,2397.07,347
2026-09-16T10:15:00+00:00,2397.07,2397.67,2395.57,2395.8,577
2026-09-16T10:20:00+00:00,2395.8,2396.19,2393.95,2394.53,535
2026-09-16T10:25:00+00:00,2394.53,2395.24,2392.92,2394.55,451
2026-09-16T10:30:00+00:00,2394.55,2395.86,2394.33,2395.34,677
2026-09-16T10:35:00+00:00,2395.34,2398.15,2394.82,2397.5,670
2026-09-16T10:40:00+00:00,2397.5,2398.07,2396.31,2397.01,513
2026-09-16T10:45:00+00:00,2397.01,2397.65,2396.88,2397.32,682
2026-09-16T10:50:00+00:00,2397.32,2398.04,2396.42,2396.98,543
2026-09-16T10:55:00+00:00,2396.98,2398.25,2396.51,2397.97,402
2026-09-16T11:00:00+00:00,2397.97,2399.12,2397.55,2398.89,303
2026-09-16T11:05:00+00:00,2398.89,2399.67,2397.24,2397.71,450
2026-09-16T11:10:00+00:00,2397.71,2398.36,2397.29,2398.01,461
2026-09-16T11:15:00+00:00,2398.01,2398.24,2397.07,2397.25,644
2026-09-16T11:20:00+00:00,2397.25,2398.51,2396.82,2398.11,409
2026-09-16T11:25:00+00:00,2398.11,2398.68,2395.95,2396.47,639
2026-09-16T11:30:00+00:00,2396.47,2398.52,2396.06,2398.18,478
2026-09-16T11:35:00+00:00,2398.18,2399.83,2397.39,2399.46,894
2026-09-16T11:40:00+00:00,2399.46,2401.54,2399.2,2400.76,616
2026-09-16T11:45:00+00:00,2400.76,2401.86,2400.22,2401.36,736
2026-09-16T11:50:00+00:00,2401.36,2401.93,2401.28,2401.47,329
2026-09-16T11:55:00+00:00,2401.47,2402.78,2399.87,2400.2,930
2026-09-16T12:00:00+00:00,2400.2,2401.77,2399.14,2401.06,175
2026-09-16T12:05:00+00:00,2401.06,2404.02,2399.93,2403.29,865
2026-09-16T12:10:00+00:00,2403.29,2404.02,2402.36,2403.89,754
2026-09-16T12:15:00+00:00,2403.89,2404.47,2402.12,2402.9,1021
2026-09-16T12:20:00+00:00,2402.9,2404.48,2402.52,2404.05,805
2026-09-16T12:25:00+00:00,2404.05,2405.12,2401.96,2402.33,542
2026-09-16T12:30:00+00:00,2402.33,2402.95,2400.78,2401.37,784
2026-09-16T12:35:00+00:00,2401.37,2402.62,2399.02,2399.51,936
2026-09-16T12:40:00+00:00,2399.51,2400.15,2398.1,2398.69,958
2026-09-16T12:45:00+00:00,2398.69,2399.75,2397.28,2397.93,927
2026-09-16T12:50:00+00:00,2397.93,2398.74,2396.93,2397.25,1013
2026-09-16T12:55:00+00:00,2397.25,2398.59,2396.86,2397.92,1112
2026-09-16T13:00:00+00:00,2397.92,2398.8,2396.92,2397.19,1124
2026-09-16T13:05:00+00:00,2397.19,2397.5,2396.19,2396.59,1036
2026-09-16T13:10:00+00:00,2396.59,2396.94,2396.12,2396.3,227
2026-09-16T13:15:00+00:00,2396.3,2396.94,2396.29,2396.37,993
2026-09-16T13:20:00+00:00,2396.37,2396.67,2395.25,2396.47,898
2026-09-16T13:25:00+00:00,2396.47,2397.42,2395.51,2395.8,780
2026-09-16T13:30:00+00:00,2395.8,2398.21,2395.38,2397.52,246
2026-09-16T13:35:00+00:00,2397.52,2397.98,2394.69,2395.41,200
2026-09-16T13:40:00+00:00,2395.41,2396.27,2393.14,2394.16,536
2026-09-16T13:45:00+00:00,2394.16,2394.81,2393.6,2393.71,972
2026-09-16T13:50:00+00:00,2393.71,2394.84,2391.51,2392.32,646
2026-09-16T13:55:00+00:00,2392.32,2393.28,2392.17,2392.76,995
2026-09-16T14:00:00+00:00,2392.76,2393.79,2388.55,2389.49,315
2026-09-16T14:05:00+00:00,2389.49,2392.15,2388.01,2391.61,626
2026-09-16T14:10:00+00:00,2391.61,2392.7,2390.12,2390.51,684
2026-09-16T14:15:00+00:00,2390.51,2391.72,2389.49,2390.09,690
2026-09-16T14:20:00+00:00,2390.09,2390.71,2389.73,2390.35,732
2026-09-16T14:25:00+00:00,2390.35,2390.53,2389.36,2389.72,526
2026-09-16T14:30:00+00:00,2389.72,2389.83,2389.41,2389.63,909
2026-09-16T14:35:00+00:00,2389.63,2390.04,2387.5,2388.12,664
2026-09-16T14:40:00+00:00,2388.12,2389.66,2387.39,2388.31,458
2026-09-16T14:45:00+00:00,2388.31,2388.93,2386.0,2387.29,437
2026-09-16T14:50:00+00:00,2387.29,2388.11,2386.93,2387.65,520
2026-09-16T14:55:00+00:00,2387.65,2388.39,2385.84,2386.58,752
2026-09-16T15:00:00+00:00,2386.58,2386.94,2386.0,2386.45,779
2026-09-16T15:05:00+00:00,2386.45,2387.19,2385.01,2385.27,469
2026-09-16T15:10:00+00:00,2385.27,2386.98,2385.05,2386.32,402
2026-09-16T15:15:00+00:00,2386.32,2387.46,2385.03,2385.45,649
2026-09-16T15:20:00+00:00,2385.45,2385.87,2382.89,2383.5,831
2026-09-16T15:25:00+00:00,2383.5,2385.71,2382.97,2385.18,715
2026-09-16T15:30:00+00:00,2385.18,2386.74,2384.37,2386.46,811
2026-09-16T15:35:00+00:00,2386.46,2387.21,2386.09,2386.63,704
2026-09-16T15:40:00+00:00,2386.63,2387.65,2386.46,2387.22,551
2026-09-16T15:45:00+00:00,2387.22,2387.46,2386.84,2387.19,386
2026-09-16T15:50:00+00:00,2387.19,2388.34,2386.99,2387.6,754
2026-09-16T15:55:00+00:00,2387.6,2388.78,2386.85,2388.32,491
2026-09-16T16:00:00+00:00,2388.32,2388.78,2386.53,2386.91,819
2026-09-16T16:05:00+00:00,2386.91,2387.54,2386.56,2387.3,572
2026-09-16T16:10:00+00:00,2387.3,2387.52,2385.46,2386.15,234
2026-09-16T16:15:00+00:00,2386.15,2387.69,2385.61,2387.08,153
2026-09-16T16:20:00+00:00,2387.08,2389.13,2386.25,2388.62,609
2026-09-16T16:25:00+00:00,2388.62,2388.95,2388.5,2388.85,544
2026-09-16T16:30:00+00:00,2388.85,2389.24,2388.45,2388.52,563
2026-09-16T16:35:00+00:00,2388.52,2390.21,2388.18,2389.95,862
2026-09-16T16:40:00+00:00,2389.95,2390.56,2389.33,2390.45,539
2026-09-16T16:45:00+00:00,2390.45,2391.25,2388.08,2388.53,638
2026-09-16T16:50:00+00:00,2388.53,2389.1,2387.67,2388.1,222
2026-09-16T16:55:00+00:00,2388.1,2388.23,2387.17,2387.96,143
2026-09-16T17:00:00+00:00,2387.96,2388.61,2387.0,2387.45,766
2026-09-16T17:05:00+00:00,2387.45,2388.46,2385.6,2386.41,476
2026-09-16T17:10:00+00:00,2386.41,2387.65,2386.2,2386.58,573
2026-09-16T17:15:00+00:00,2386.58,2387.6,2385.52,2387.06,604
2026-09-16T17:20:00+00:00,2387.06,2387.58,2385.19,2385.55,675
2026-09-16T17:25:00+00:00,2385.55,2386.46,2385.47,2385.82,702
2026-09-16T17:30:00+00:00,2385.82,2387.64,2385.57,2386.68,593
2026-09-16T17:35:00+00:00,2386.68,2387.42,2385.19,2385.67,345
2026-09-16T17:40:00+00:00,2385.67,2386.37,2384.89,2386.09,518
2026-09-16T17:45:00+00:00,2386.09,2386.94,2384.02,2384.83,487
2026-09-16T17:50:00+00:00,2384.83,2385.15,2383.71,2384.04,527
2026-09-16T17:55:00+00:00,2384.04,2384.77,2383.34,2383.5,263
2026-09-16T18:00:00+00:00,2383.5,2383.88,2383.29,2383.81,329
2026-09-16T18:05:00+00:00,2383.81,2383.94,2383.03,2383.53,522
2026-09-16T18:10:00+00:00,2383.53,2383.74,2382.58,2383.45,618
2026-09-16T18:15:00+00:00,2383.45,2384.19,2383.3,2383.97,502
2026-09-16T18:20:00+00:00,2383.97,2384.87,2383.28,2384.51,271
2026-09-16T18:25:00+00:00,2384.51,2385.41,2384.1,2385.11,421
2026-09-16T18:30:00+00:00,2385.11,2387.46,2384.87,2386.33,483
2026-09-16T18:35:00+00:00,2386.33,2387.7,2385.69,2386.7,522
2026-09-16T18:40:00+00:00,2386.7,2388.66,2386.0,2387.99,217
2026-09-16T18:45:00+00:00,2387.99,2388.67,2387.0,2387.26,549
2026-09-16T18:50:00+00:00,2387.26,2387.92,2387.12,2387.64,212
2026-09-16T18:55:00+00:00,2387.64,2389.05,2387.01,2388.72,581
2026-09-16T19:00:00+00:00,2388.72,2389.37,2388.17,2388.97,397
2026-09-16T19:05:00+00:00,2388.97,2389.69,2388.71,2389.49,746
2026-09-16T19:10:00+00:00,2389.49,2392.02,2388.98,2391.11,584
2026-09-16T19:15:00+00:00,2391.11,2391.24,2390.77,2390.89,494
2026-09-16T19:20:00+00:00,2390.89,2392.33,2390.54,2391.9,652
2026-09-16T19:25:00+00:00,2391.9,2392.16,2389.66,2390.86,816
2026-09-16T19:30:00+00:00,2390.86,2391.79,2390.42,2391.59,568
2026-09-16T19:35:00+00:00,2391.59,2392.91,2391.26,2392.38,671
2026-09-16T19:40:00+00:00,2392.38,2392.62,2391.25,2391.9,767
2026-09-16T19:45:00+00:00,2391.9,2392.35,2391.29,2392.27,621
2026-09-16T19:50:00+00:00,2392.27,2394.66,2391.75,2393.78,406
2026-09-16T19:55:00+00:00,2393.78,2394.25,2391.36,2392.77,618
2026-09-16T20:00:00+00:00,2392.77,2393.21,2392.57,2392.95,454
2026-09-16T20:05:00+00:00,2392.95,2393.73,2392.39,2393.56,330
2026-09-16T20:10:00+00:00,2393.56,2393.9,2393.2,2393.44,358
2026-09-16T20:15:00+00:00,2393.44,2393.86,2392.79,2393.52,296
2026-09-16T20:20:00+00:00,2393.52,2394.12,2393.09,2393.85,332
2026-09-16T20:25:00+00:00,2393.85,2394.29,2393.48,2394.04,228
2026-09-16T20:30:00+00:00,2394.04,2394.58,2392.96,2393.33,369
2026-09-16T20:35:00+00:00,2393.33,2393.45,2392.47,2392.83,381
2026-09-16T20:40:00+00:00,2392.83,2393.3,2392.71,2392.98,59
2026-09-16T20:45:00+00:00,2392.98,2393.39,2392.76,2393.06,325
2026-09-16T20:50:00+00:00,2393.06,2393.16,2392.32,2392.65,269
2026-09-16T20:55:00+00:00,2392.65,2392.91,2392.13,2392.23,407
2026-09-16T21:00:00+00:00,2392.23,2392.71,2391.88,2391.99,337
2026-09-16T21:05:00+00:00,2391.99,2392.1,2391.78,2391.85,391
2026-09-16T21:10:00+00:00,2391.85,2392.51,2391.77,2392.14,363
2026-09-16T21:15:00+00:00,2392.14,2392.45,2392.07,2392.18,411
2026-09-16T21:20:00+00:00,2392.18,2392.64,2390.2,2390.69,217
2026-09-16T21:25:00+00:00,2390.69,2391.05,2390.58,2390.92,181
2026-09-16T21:30:00+00:00,2390.92,2390.93,2390.65,2390.91,299
2026-09-16T21:35:00+00:00,2390.91,2391.15,2390.56,2390.87,717
2026-09-16T21:40:00+00:00,2390.87,2392.46,2390.59,2391.85,448
2026-09-16T21:45:00+00:00,2391.85,2392.27,2391.14,2391.96,480
2026-09-16T21:50:00+00:00,2391.96,2393.2,2391.78,2392.83,601
2026-09-16T21:55:00+00:00,2392.83,2393.13,2392.6,2392.99,452
2026-09-16T22:00:00+00:00,2392.99,2393.44,2392.39,2393.24,361
2026-09-16T22:05:00+00:00,2393.24,2393.79,2392.97,2393.3,438
2026-09-16T22:10:00+00:00,2393.3,2394.07,2392.8,2393.74,413
2026-09-16T22:15:00+00:00,2393.74,2394.21,2393.08,2393.77,274
2026-09-16T22:20:00+00:00,2393.77,2394.26,2391.85,2392.19,784
2026-09-16T22:25:00+00:00,2392.19,2392.51,2391.4,2391.6,558
2026-09-16T22:30:00+00:00,2391.6,2391.73,2390.98,2391.2,387
2026-09-16T22:35:00+00:00,2391.2,2391.88,2389.76,2390.29,381
2026-09-16T22:40:00+00:00,2390.29,2392.02,2389.93,2391.64,501
2026-09-16T22:45:00+00:00,2391.64,2392.71,2391.36,2392.14,642
2026-09-16T22:50:00+00:00,2392.14,2392.7,2391.78,2392.52,364
2026-09-16T22:55:00+00:00,2392.52,2393.01,2391.64,2391.83,242
2026-09-16T23:00:00+00:00,2391.83,2392.36,2391.52,2392.2,123
2026-09-16T23:05:00+00:00,2392.2,2392.41,2391.94,2392.16,313
2026-09-16T23:10:00+00:00,2392.16,2392.58,2391.91,2392.46,220
2026-09-16T23:15:00+00:00,2392.46,2392.64,2392.06,2392.37,170
2026-09-16T23:20:00+00:00,2392.37,2392.51,2391.96,2392.08,444
2026-09-16T23:25:00+00:00,2392.08,2393.12,2391.79,2392.62,270
2026-09-16T23:30:00+00:00,2392.62,2392.93,2392.08,2392.26,254
2026-09-16T23:35:00+00:00,2392.26,2392.36,2391.95,2392.26,251
2026-09-16T23:40:00+00:00,2392.26,2393.08,2391.97,2392.93,391
2026-09-16T23:45:00+00:00,2392.93,2393.45,2392.84,2393.06,281
2026-09-16T23:50:00+00:00,2393.06,2393.28,2392.74,2393.25,283
2026-09-16T23:55:00+00:00,2393.25,2393.72,2392.65,2393.04,147
2026-09-17T00:00:00+00:00,2393.04,2393.8,2392.89,2393.48,338
2026-09-17T00:05:00+00:00,2393.48,2393.5,2393.13,2393.47,284
2026-09-17T00:10:00+00:00,2393.47,2394.34,2392.89,2394.16,135
2026-09-17T00:15:00+00:00,2394.16,2394.8,2393.67,2394.61,272
2026-09-17T00:20:00+00:00,2394.61,2395.56,2394.13,2395.18,339
2026-09-17T00:25:00+00:00,2395.18,2395.25,2395.01,2395.14,379
2026-09-17T00:30:00+00:00,2395.14,2395.92,2394.78,2395.45,369
2026-09-17T00:35:00+00:00,2395.45,2395.53,2395.13,2395.18,147
2026-09-17T00:40:00+00:00,2395.18,2395.34,2394.4,2394.77,281
2026-09-17T00:45:00+00:00,2394.77,2395.09,2394.44,2394.82,328
2026-09-17T00:50:00+00:00,2394.82,2395.09,2394.62,2394.97,475
2026-09-17T00:55:00+00:00,2394.97,2395.05,2394.75,2394.83,425
2026-09-17T01:00:00+00:00,2394.83,2395.09,2394.56,2395.0,428
2026-09-17T01:05:00+00:00,2395.0,2395.67,2394.93,2395.25,363
2026-09-17T01:10:00+00:00,2395.25,2395.49,2395.03,2395.17,67
2026-09-17T01:15:00+00:00,2395.17,2395.75,2394.96,2395.5,270
2026-09-17T01:20:00+00:00,2395.5,2395.8,2395.09,2395.24,301
2026-09-17T01:25:00+00:00,2395.24,2395.51,2394.76,2394.99,559
2026-09-17T01:30:00+00:00,2394.99,2395.21,2394.55,2394.69,334
2026-09-17T01:35:00+00:00,2394.69,2395.7,2394.37,2395.49,297
2026-09-17T01:40:00+00:00,2395.49,2396.93,2395.2,2396.3,295
2026-09-17T01:45:00+00:00,2396.3,2396.48,2395.59,2396.16,363
2026-09-17T01:50:00+00:00,2396.16,2396.39,2395.92,2396.36,183
2026-09-17T01:55:00+00:00,2396.36,2396.45,2396.24,2396.38,272
2026-09-17T02:00:00+00:00,2396.38,2396.72,2396.35,2396.59,541
2026-09-17T02:05:00+00:00,2396.59,2397.31,2396.42,2396.5,335
2026-09-17T02:10:00+00:00,2396.5,2396.68,2396.07,2396.33,296
2026-09-17T02:15:00+00:00,2396.33,2396.6,2395.6,2395.85,202
2026-09-17T02:20:00+00:00,2395.85,2396.05,2395.13,2395.41,339
2026-09-17T02:25:00+00:00,2395.41,2395.54,2394.47,2395.22,422
2026-09-17T02:30:00+00:00,2395.22,2396.23,2394.83,2395.98,151
2026-09-17T02:35:00+00:00,2395.98,2396.78,2395.86,2396.61,245
2026-09-17T02:40:00+00:00,2396.61,2397.16,2396.53,2396.71,284
2026-09-17T02:45:00+00:00,2396.71,2396.79,2396.03,2396.76,215
2026-09-17T02:50:00+00:00,2396.76,2396.94,2395.86,2396.16,251
2026-09-17T02:55:00+00:00,2396.16,2397.03,2395.74,2396.81,316
2026-09-17T03:00:00+00:00,2396.81,2397.26,2396.53,2397.03,266
2026-09-17T03:05:00+00:00,2397.03,2397.26,2396.77,2397.19,292
2026-09-17T03:10:00+00:00,2397.19,2397.55,2396.91,2397.04,322
2026-09-17T03:15:00+00:00,2397.04,2398.21,2396.69,2397.92,238
2026-09-17T03:20:00+00:00,2397.92,2398.77,2397.63,2398.58,322
2026-09-17T03:25:00+00:00,2398.58,2398.95,2398.51,2398.73,194
2026-09-17T03:30:00+00:00,2398.73,2398.9,2398.23,2398.62,382
2026-09-17T03:35:00+00:00,2398.62,2399.19,2397.84,2398.9,286
2026-09-17T03:40:00+00:00,2398.9,2400.68,2398.55,2400.33,272
2026-09-17T03:45:00+00:00,2400.33,2400.61,2399.38,2400.0,422
2026-09-17T03:50:00+00:00,2400.0,2400.11,2398.95,2399.73,317
2026-09-17T03:55:00+00:00,2399.73,2399.84,2398.83,2399.34,180
2026-09-17T04:00:00+00:00,2399.34,2399.5,2398.53,2398.84,322
2026-09-17T04:05:00+00:00,2398.84,2399.83,2398.35,2399.49,229
2026-09-17T04:10:00+00:00,2399.49,2399.78,2398.58,2399.01,349
2026-09-17T04:15:00+00:00,2399.01,2399.55,2398.93,2399.16,176
2026-09-17T04:20:00+00:00,2399.16,2399.27,2398.53,2398.67,295
2026-09-17T04:25:00+00:00,2398.67,2398.7,2398.34,2398.68,263
2026-09-17T04:30:00+00:00,2398.68,2398.88,2398.24,2398.38,439
2026-09-17T04:35:00+00:00,2398.38,2398.69,2398.33,2398.61,352
2026-09-17T04:40:00+00:00,2398.61,2399.54,2398.4,2399.04,210
2026-09-17T04:45:00+00:00,2399.04,2399.54,2398.84,2399.19,201
2026-09-17T04:50:00+00:00,2399.19,2399.76,2398.47,2399.55,241
2026-09-17T04:55:00+00:00,2399.55,2400.25,2399.09,2400.07,314
2026-09-17T05:00:00+00:00,2400.07,2400.34,2399.0,2399.23,20
2026-09-17T05:05:00+00:00,2399.23,2399.81,2398.36,2398.78,341
2026-09-17T05:10:00+00:00,2398.78,2399.42,2398.68,2399.1,281
2026-09-17T05:15:00+00:00,2399.1,2399.48,2398.76,2399.2,189
2026-09-17T05:20:00+00:00,2399.2,2399.57,2399.13,2399.29,467
2026-09-17T05:25:00+00:00,2399.29,2399.4,2398.96,2399.04,273
2026-09-17T05:30:00+00:00,2399.04,2399.54,2398.92,2398.94,153
2026-09-17T05:35:00+00:00,2398.94,2399.29,2398.52,2398.73,313
2026-09-17T05:40:00+00:00,2398.73,2398.85,2398.39,2398.68,412
2026-09-17T05:45:00+00:00,2398.68,2399.25,2398.48,2399.1,473
2026-09-17T05:50:00+00:00,2399.1,2399.39,2398.74,2398.81,337
2026-09-17T05:55:00+00:00,2398.81,2399.02,2398.55,2398.78,192
2026-09-17T06:00:00+00:00,2398.78,2399.58,2398.54,2399.33,325
2026-09-17T06:05:00+00:00,2399.33,2399.88,2399.22,2399.28,241
2026-09-17T06:10:00+00:00,2399.28,2400.2,2398.92,2399.82,240
2026-09-17T06:15:00+00:00,2399.82,2399.98,2399.42,2399.66,414
2026-09-17T06:20:00+00:00,2399.66,2399.77,2399.39,2399.5,279
2026-09-17T06:25:00+00:00,2399.5,2399.87,2398.55,2398.84,368
2026-09-17T06:30:00+00:00,2398.84,2399.93,2398.7,2399.63,460
2026-09-17T06:35:00+00:00,2399.63,2399.73,2399.09,2399.23,279
2026-09-17T06:40:00+00:00,2399.23,2399.57,2398.38,2398.62,321
2026-09-17T06:45:00+00:00,2398.62,2399.38,2398.49,2398.94,220
2026-09-17T06:50:00+00:00,2398.94,2398.97,2398.77,2398.93,293
2026-09-17T06:55:00+00:00,2398.93,2399.35,2398.21,2399.18,321
2026-09-17T07:00:00+00:00,2399.18,2399.32,2398.04,2398.52,486
2026-09-17T07:05:00+00:00,2398.52,2399.57,2398.28,2399.02,613
2026-09-17T07:10:00+00:00,2399.02,2400.59,2398.0,2399.77,450
2026-09-17T07:15:00+00:00,2399.77,2399.84,2399.03,2399.76,633
2026-09-17T07:20:00+00:00,2399.76,2400.71,2398.98,2400.48,316
2026-09-17T07:25:00+00:00,2400.48,2401.22,2400.09,2400.5,405
2026-09-17T07:30:00+00:00,2400.5,2400.87,2399.75,2400.69,472
2026-09-17T07:35:00+00:00,2400.69,2401.2,2400.54,2401.07,282
2026-09-17T07:40:00+00:00,2401.07,2401.28,2400.28,2400.67,300
2026-09-17T07:45:00+00:00,2400.67,2401.31,2399.32,2399.92,552
2026-09-17T07:50:00+00:00,2399.92,2400.03,2398.47,2399.87,527
2026-09-17T07:55:00+00:00,2399.87,2400.37,2399.79,2400.12,203
2026-09-17T08:00:00+00:00,2400.12,2400.65,2399.82,2400.13,337
2026-09-17T08:05:00+00:00,2400.13,2400.67,2399.77,2399.91,268
2026-09-17T08:10:00+00:00,2399.91,2400.41,2398.97,2399.14,706
2026-09-17T08:15:00+00:00,2399.14,2399.88,2396.42,2397.25,318
2026-09-17T08:20:00+00:00,2397.25,2398.81,2396.82,2397.71,508
2026-09-17T08:25:00+00:00,2397.71,2397.95,2396.43,2396.92,571
2026-09-17T08:30:00+00:00,2396.92,2397.19,2396.1,2396.81,434
2026-09-17T08:35:00+00:00,2396.81,2396.93,2396.4,2396.56,780
2026-09-17T08:40:00+00:00,2396.56,2397.2,2396.37,2396.72,434
2026-09-17T08:45:00+00:00,2396.72,2397.5,2395.95,2396.15,466
2026-09-17T08:50:00+00:00,2396.15,2396.62,2395.52,2395.73,68
2026-09-17T08:55:00+00:00,2395.73,2396.19,2394.79,2395.45,266
2026-09-17T09:00:00+00:00,2395.45,2396.81,2395.04,2396.41,325
2026-09-17T09:05:00+00:00,2396.41,2397.01,2394.17,2395.09,227
2026-09-17T09:10:00+00:00,2395.09,2395.35,2394.86,2395.14,322
2026-09-17T09:15:00+00:00,2395.14,2395.59,2394.0,2394.27,426
2026-09-17T09:20:00+00:00,2394.27,2395.14,2393.42,2394.51,724
2026-09-17T09:25:00+00:00,2394.51,2394.68,2393.49,2393.91,877
2026-09-17T09:30:00+00:00,2393.91,2394.72,2393.6,2394.47,843
2026-09-17T09:35:00+00:00,2394.47,2396.59,2394.14,2395.77,377
2026-09-17T09:40:00+00:00,2395.77,2396.54,2395.34,2396.09,350
2026-09-17T09:45:00+00:00,2396.09,2396.35,2395.46,2396.01,544
2026-09-17T09:50:00+00:00,2396.01,2397.02,2395.59,2396.06,696
2026-09-17T09:55:00+00:00,2396.06,2396.93,2395.54,2396.34,835
2026-09-17T10:00:00+00:00,2396.34,2396.86,2395.71,2396.0,215
2026-09-17T10:05:00+00:00,2396.0,2396.49,2395.58,2395.8,196
2026-09-17T10:10:00+00:00,2395.8,2397.01,2395.57,2396.21,231
2026-09-17T10:15:00+00:00,2396.21,2397.9,2395.21,2397.54,258
2026-09-17T10:20:00+00:00,2397.54,2398.45,2397.05,2398.26,445
2026-09-17T10:25:00+00:00,2398.26,2398.51,2396.72,2397.17,286
2026-09-17T10:30:00+00:00,2397.17,2397.77,2396.01,2396.98,644
2026-09-17T10:35:00+00:00,2396.98,2397.58,2396.63,2397.15,657
2026-09-17T10:40:00+00:00,2397.15,2397.48,2396.47,2396.68,268
2026-09-17T10:45:00+00:00,2396.68,2397.61,2396.0,2397.07,495
2026-09-17T10:50:00+00:00,2397.07,2397.29,2395.55,2396.59,581
2026-09-17T10:55:00+00:00,2396.59,2396.72,2395.77,2396.22,506
2026-09-17T11:00:00+00:00,2396.22,2396.95,2395.46,2395.87,827
2026-09-17T11:05:00+00:00,2395.87,2396.7,2393.96,2394.59,351
2026-09-17T11:10:00+00:00,2394.59,2395.51,2392.97,2393.57,675
2026-09-17T11:15:00+00:00,2393.57,2394.85,2393.27,2394.34,729
2026-09-17T11:20:00+00:00,2394.34,2394.91,2393.21,2393.63,440
2026-09-17T11:25:00+00:00,2393.63,2394.03,2391.86,2392.46,491
2026-09-17T11:30:00+00:00,2392.46,2393.77,2391.9,2392.97,720
2026-09-17T11:35:00+00:00,2392.97,2394.37,2392.69,2394.15,570
2026-09-17T11:40:00+00:00,2394.15,2394.56,2393.63,2393.82,495
2026-09-17T11:45:00+00:00,2393.82,2394.09,2391.74,2392.86,625
2026-09-17T11:50:00+00:00,2392.86,2393.7,2392.07,2393.47,320
2026-09-17T11:55:00+00:00,2393.47,2393.64,2392.68,2392.88,557
2026-09-17T12:00:00+00:00,2392.88,2394.01,2392.42,2393.61,962
2026-09-17T12:05:00+00:00,2393.61,2396.25,2392.44,2394.28,564
2026-09-17T12:10:00+00:00,2394.28,2394.89,2392.03,2392.49,506
2026-09-17T12:15:00+00:00,2392.49,2392.74,2391.88,2392.0,241
2026-09-17T12:20:00+00:00,2392.0,2392.4,2390.38,2390.96,227
2026-09-17T12:25:00+00:00,2390.96,2391.87,2387.83,2388.76,675
2026-09-17T12:30:00+00:00,2388.76,2390.52,2387.31,2389.86,566
2026-09-17T12:35:00+00:00,2389.86,2390.63,2389.51,2389.68,868
2026-09-17T12:40:00+00:00,2389.68,2389.87,2388.43,2389.22,348
2026-09-17T12:45:00+00:00,2389.22,2389.48,2388.84,2389.1,171
2026-09-17T12:50:00+00:00,2389.1,2393.1,2388.21,2391.87,882
2026-09-17T12:55:00+00:00,2391.87,2392.22,2391.25,2391.86,346
2026-09-17T13:00:00+00:00,2391.86,2392.61,2391.21,2391.86,693
2026-09-17T13:05:00+00:00,2391.86,2393.03,2391.23,2392.25,114
2026-09-17T13:10:00+00:00,2392.25,2392.67,2390.26,2390.88,608
2026-09-17T13:15:00+00:00,2390.88,2391.11,2389.11,2389.79,329
2026-09-17T13:20:00+00:00,2389.79,2390.13,2389.13,2389.41,497
2026-09-17T13:25:00+00:00,2389.41,2389.91,2387.61,2388.03,200
2026-09-17T13:30:00+00:00,2388.03,2388.17,2386.87,2387.58,612
2026-09-17T13:35:00+00:00,2387.58,2389.69,2387.27,2389.05,833
2026-09-17T13:40:00+00:00,2389.05,2390.63,2387.94,2389.74,971
2026-09-17T13:45:00+00:00,2389.74,2390.51,2389.34,2390.03,365
2026-09-17T13:50:00+00:00,2390.03,2391.95,2389.34,2390.81,458
2026-09-17T13:55:00+00:00,2390.81,2391.19,2390.26,2390.91,685
2026-09-17T14:00:00+00:00,2390.91,2393.92,2390.06,2392.31,725
2026-09-17T14:05:00+00:00,2392.31,2394.12,2391.96,2393.57,785
2026-09-17T14:10:00+00:00,2393.57,2393.96,2390.88,2391.56,749
2026-09-17T14:15:00+00:00,2391.56,2392.64,2390.35,2390.72,693
2026-09-17T14:20:00+00:00,2390.72,2391.31,2388.55,2389.99,1209
2026-09-17T14:25:00+00:00,2389.99,2390.49,2388.89,2389.29,586
2026-09-17T14:30:00+00:00,2389.29,2389.55,2388.95,2389.44,389
2026-09-17T14:35:00+00:00,2389.44,2390.78,2388.42,2389.81,765
2026-09-17T14:40:00+00:00,2389.81,2391.47,2389.43,2390.82,761
2026-09-17T14:45:00+00:00,2390.82,2393.13,2390.53,2392.3,582
2026-09-17T14:50:00+00:00,2392.3,2393.44,2392.08,2392.96,1111
2026-09-17T14:55:00+00:00,2392.96,2393.27,2391.67,2392.6,617
2026-09-17T15:00:00+00:00,2392.6,2392.82,2392.39,2392.78,153
2026-09-17T15:05:00+00:00,2392.78,2394.4,2392.6,2393.82,530
2026-09-17T15:10:00+00:00,2393.82,2394.52,2393.09,2394.13,504
2026-09-17T15:15:00+00:00,2394.13,2394.48,2393.58,2393.69,459
2026-09-17T15:20:00+00:00,2393.69,2393.89,2393.33,2393.54,453
2026-09-17T15:25:00+00:00,2393.54,2394.54,2393.2,2393.96,691
2026-09-17T15:30:00+00:00,2393.96,2395.49,2393.41,2394.92,573
2026-09-17T15:35:00+00:00,2394.92,2396.08,2394.76,2395.78,648
2026-09-17T15:40:00+00:00,2395.78,2395.97,2395.6,2395.87,833
2026-09-17T15:45:00+00:00,2395.87,2396.59,2393.3,2394.42,472
2026-09-17T15:50:00+00:00,2394.42,2395.7,2394.25,2395.03,597
2026-09-17T15:55:00+00:00,2395.03,2395.19,2394.36,2394.78,322
2026-09-17T16:00:00+00:00,2394.78,2395.3,2392.39,2393.09,514
2026-09-17T16:05:00+00:00,2393.09,2394.22,2392.05,2393.4,691
2026-09-17T16:10:00+00:00,2393.4,2394.24,2392.86,2393.87,137
2026-09-17T16:15:00+00:00,2393.87,2394.52,2392.86,2394.09,203
2026-09-17T16:20:00+00:00,2394.09,2394.72,2392.13,2392.5,405
2026-09-17T16:25:00+00:00,2392.5,2393.25,2391.59,2391.94,730
2026-09-17T16:30:00+00:00,2391.94,2392.25,2391.39,2391.6,371
2026-09-17T16:35:00+00:00,2391.6,2392.73,2391.5,2391.76,539
2026-09-17T16:40:00+00:00,2391.76,2392.75,2391.42,2392.55,188
2026-09-17T16:45:00+00:00,2392.55,2392.97,2389.61,2390.4,312
2026-09-17T16:50:00+00:00,2390.4,2390.55,2389.91,2390.12,210
2026-09-17T16:55:00+00:00,2390.12,2391.38,2389.86,2391.15,254
2026-09-17T17:00:00+00:00,2391.15,2391.62,2390.88,2390.99,76
2026-09-17T17:05:00+00:00,2390.99,2391.86,2389.28,2389.81,717
2026-09-17T17:10:00+00:00,2389.81,2390.5,2388.78,2389.03,309
2026-09-17T17:15:00+00:00,2389.03,2389.4,2388.68,2389.3,677
2026-09-17T17:20:00+00:00,2389.3,2389.7,2388.71,2388.86,663
2026-09-17T17:25:00+00:00,2388.86,2389.18,2388.18,2388.42,511
2026-09-17T17:30:00+00:00,2388.42,2390.16,2387.36,2389.66,608
2026-09-17T17:35:00+00:00,2389.66,2389.88,2387.93,2388.94,542
2026-09-17T17:40:00+00:00,2388.94,2389.43,2387.58,2388.01,627
2026-09-17T17:45:00+00:00,2388.01,2388.66,2387.94,2388.27,1063
2026-09-17T17:50:00+00:00,2388.27,2389.1,2388.15,2388.7,376
2026-09-17T17:55:00+00:00,2388.7,2389.68,2388.34,2389.03,518
2026-09-17T18:00:00+00:00,2389.03,2389.56,2387.94,2388.11,317
2026-09-17T18:05:00+00:00,2388.11,2388.76,2387.9,2388.36,483
2026-09-17T18:10:00+00:00,2388.36,2388.51,2388.26,2388.47,548
2026-09-17T18:15:00+00:00,2388.47,2389.6,2388.13,2389.34,313
2026-09-17T18:20:00+00:00,2389.34,2389.85,2388.5,2389.28,473
2026-09-17T18:25:00+00:00,2389.28,2390.36,2387.99,2388.48,544
2026-09-17T18:30:00+00:00,2388.48,2389.02,2386.69,2387.09,757
2026-09-17T18:35:00+00:00,2387.09,2388.21,2385.76,2385.99,251
2026-09-17T18:40:00+00:00,2385.99,2386.54,2385.23,2386.22,432
2026-09-17T18:45:00+00:00,2386.22,2386.92,2385.57,2386.05,692
2026-09-17T18:50:00+00:00,2386.05,2388.92,2385.23,2388.2,345
2026-09-17T18:55:00+00:00,2388.2,2389.05,2387.95,2388.78,390
2026-09-17T19:00:00+00:00,2388.78,2389.2,2387.99,2388.69,620
2026-09-17T19:05:00+00:00,2388.69,2390.08,2388.12,2389.2,692
2026-09-17T19:10:00+00:00,2389.2,2389.74,2388.93,2389.61,433
2026-09-17T19:15:00+00:00,2389.61,2390.98,2389.34,2390.67,542
2026-09-17T19:20:00+00:00,2390.67,2391.45,2390.47,2390.59,465
2026-09-17T19:25:00+00:00,2390.59,2390.88,2390.55,2390.7,649
2026-09-17T19:30:00+00:00,2390.7,2391.33,2389.95,2391.06,743
2026-09-17T19:35:00+00:00,2391.06,2392.77,2389.92,2391.74,412
2026-09-17T19:40:00+00:00,2391.74,2393.31,2391.45,2392.45,411
2026-09-17T19:45:00+00:00,2392.45,2393.56,2392.2,2393.33,317
2026-09-17T19:50:00+00:00,2393.33,2394.51,2393.15,2393.29,655
2026-09-17T19:55:00+00:00,2393.29,2393.44,2392.2,2392.82,591
2026-09-17T20:00:00+00:00,2392.82,2393.59,2392.06,2392.49,353
2026-09-17T20:05:00+00:00,2392.49,2392.53,2392.26,2392.4,404
2026-09-17T20:10:00+00:00,2392.4,2392.73,2391.47,2391.97,385
2026-09-17T20:15:00+00:00,2391.97,2392.16,2390.83,2391.07,163
2026-09-17T20:20:00+00:00,2391.07,2391.65,2389.1,2389.6,223
2026-09-17T20:25:00+00:00,2389.6,2390.02,2388.27,2389.0,208
2026-09-17T20:30:00+00:00,2389.0,2389.16,2387.62,2388.1,280
2026-09-17T20:35:00+00:00,2388.1,2388.29,2387.22,2387.59,379
2026-09-17T20:40:00+00:00,2387.59,2387.69,2387.25,2387.64,367
2026-09-17T20:45:00+00:00,2387.64,2388.21,2387.42,2388.04,539
2026-09-17T20:50:00+00:00,2388.04,2388.58,2387.11,2387.59,220
2026-09-17T20:55:00+00:00,2387.59,2387.81,2386.42,2387.07,349
2026-09-17T21:00:00+00:00,2387.07,2387.43,2386.59,2387.3,437
2026-09-17T21:05:00+00:00,2387.3,2387.61,2385.9,2386.21,474
2026-09-17T21:10:00+00:00,2386.21,2386.52,2385.57,2386.31,670
2026-09-17T21:15:00+00:00,2386.31,2387.48,2385.71,2387.04,275
2026-09-17T21:20:00+00:00,2387.04,2387.45,2386.69,2386.82,466
2026-09-17T21:25:00+00:00,2386.82,2387.4,2384.78,2385.44,472
2026-09-17T21:30:00+00:00,2385.44,2386.43,2383.99,2386.01,451
2026-09-17T21:35:00+00:00,2386.01,2386.14,2385.84,2385.87,306
2026-09-17T21:40:00+00:00,2385.87,2386.82,2385.61,2386.32,361
2026-09-17T21:45:00+00:00,2386.32,2387.51,2385.73,2387.33,594
2026-09-17T21:50:00+00:00,2387.33,2388.47,2387.17,2388.17,254
2026-09-17T21:55:00+00:00,2388.17,2388.6,2387.94,2388.32,596
2026-09-17T22:00:00+00:00,2388.32,2388.43,2387.94,2388.34,439
2026-09-17T22:05:00+00:00,2388.34,2389.04,2387.57,2388.53,710
2026-09-17T22:10:00+00:00,2388.53,2388.85,2387.51,2388.21,453
2026-09-17T22:15:00+00:00,2388.21,2388.68,2387.92,2388.14,371
2026-09-17T22:20:00+00:00,2388.14,2388.99,2387.99,2388.77,298
2026-09-17T22:25:00+00:00,2388.77,2389.02,2388.47,2388.63,623
2026-09-17T22:30:00+00:00,2388.63,2389.25,2388.56,2388.92,643
2026-09-17T22:35:00+00:00,2388.92,2389.3,2388.33,2388.61,453
2026-09-17T22:40:00+00:00,2388.61,2389.14,2388.34,2389.0,264
2026-09-17T22:45:00+00:00,2389.0,2389.4,2388.38,2388.76,130
2026-09-17T22:50:00+00:00,2388.76,2389.16,2388.56,2389.01,427
2026-09-17T22:55:00+00:00,2389.01,2389.27,2388.51,2388.66,407
2026-09-17T23:00:00+00:00,2388.66,2389.09,2388.66,2388.67,444
2026-09-17T23:05:00+00:00,2388.67,2389.22,2388.48,2389.0,452
2026-09-17T23:10:00+00:00,2389.0,2389.57,2388.53,2388.89,491
2026-09-17T23:15:00+00:00,2388.89,2389.09,2387.89,2388.25,373
2026-09-17T23:20:00+00:00,2388.25,2389.08,2387.93,2388.93,378
2026-09-17T23:25:00+00:00,2388.93,2389.58,2388.76,2389.31,180
2026-09-17T23:30:00+00:00,2389.31,2389.6,2388.78,2388.88,339
2026-09-17T23:35:00+00:00,2388.88,2389.49,2388.59,2389.23,337
2026-09-17T23:40:00+00:00,2389.23,2389.66,2388.57,2388.71,162
2026-09-17T23:45:00+00:00,2388.71,2389.44,2388.32,2389.27,178
2026-09-17T23:50:00+00:00,2389.27,2389.97,2388.66,2389.67,263
2026-09-17T23:55:00+00:00,2389.67,2390.11,2388.62,2389.05,537
2026-09-18T00:00:00+00:00,2389.05,2389.2,2388.52,2388.74,358
2026-09-18T00:05:00+00:00,2388.74,2389.85,2388.49,2389.58,422
2026-09-18T00:10:00+00:00,2389.58,2390.23,2389.49,2389.88,316
2026-09-18T00:15:00+00:00,2389.88,2390.57,2389.49,2390.27,309
2026-09-18T00:20:00+00:00,2390.27,2390.54,2389.68,2390.12,84
2026-09-18T00:25:00+00:00,2390.12,2390.38,2389.63,2389.9,224
2026-09-18T00:30:00+00:00,2389.9,2390.24,2389.03,2389.44,211
2026-09-18T00:35:00+00:00,2389.44,2389.7,2389.36,2389.55,278
2026-09-18T00:40:00+00:00,2389.55,2390.13,2389.37,2389.79,222
2026-09-18T00:45:00+00:00,2389.79,2390.32,2389.46,2390.2,171
2026-09-18T00:50:00+00:00,2390.2,2391.38,2389.8,2390.88,209
2026-09-18T00:55:00+00:00,2390.88,2391.29,2390.41,2390.69,134
2026-09-18T01:00:00+00:00,2390.69,2391.34,2390.38,2391.23,296
2026-09-18T01:05:00+00:00,2391.23,2392.07,2391.0,2391.93,204
2026-09-18T01:10:00+00:00,2391.93,2392.25,2391.21,2392.13,187
2026-09-18T01:15:00+00:00,2392.13,2392.72,2391.59,2392.62,209
2026-09-18T01:20:00+00:00,2392.62,2392.72,2392.18,2392.35,333
2026-09-18T01:25:00+00:00,2392.35,2393.77,2391.84,2393.1,339
2026-09-18T01:30:00+00:00,2393.1,2394.07,2392.73,2393.75,102
2026-09-18T01:35:00+00:00,2393.75,2393.88,2393.22,2393.85,294
2026-09-18T01:40:00+00:00,2393.85,2394.94,2393.64,2394.55,261
2026-09-18T01:45:00+00:00,2394.55,2394.62,2394.49,2394.58,250
2026-09-18T01:50:00+00:00,2394.58,2395.31,2394.13,2395.01,232
2026-09-18T01:55:00+00:00,2395.01,2395.04,2394.91,2394.93,448
2026-09-18T02:00:00+00:00,2394.93,2395.04,2394.0,2394.39,219
2026-09-18T02:05:00+00:00,2394.39,2394.48,2393.89,2394.1,211
2026-09-18T02:10:00+00:00,2394.1,2395.46,2393.44,2395.14,305
2026-09-18T02:15:00+00:00,2395.14,2396.11,2394.88,2395.64,298
2026-09-18T02:20:00+00:00,2395.64,2395.91,2394.53,2395.01,374
2026-09-18T02:25:00+00:00,2395.01,2395.32,2394.7,2395.15,106
2026-09-18T02:30:00+00:00,2395.15,2396.73,2394.91,2396.13,121
2026-09-18T02:35:00+00:00,2396.13,2396.16,2396.06,2396.12,370
2026-09-18T02:40:00+00:00,2396.12,2396.45,2395.46,2395.82,321
2026-09-18T02:45:00+00:00,2395.82,2396.65,2395.48,2396.44,324
2026-09-18T02:50:00+00:00,2396.44,2396.53,2396.26,2396.48,402
2026-09-18T02:55:00+00:00,2396.48,2396.58,2396.29,2396.4,298
2026-09-18T03:00:00+00:00,2396.4,2396.61,2396.15,2396.52,203
2026-09-18T03:05:00+00:00,2396.52,2396.69,2395.87,2396.36,212
2026-09-18T03:10:00+00:00,2396.36,2396.66,2395.14,2395.44,384
2026-09-18T03:15:00+00:00,2395.44,2395.56,2394.95,2395.17,169
2026-09-18T03:20:00+00:00,2395.17,2395.45,2395.03,2395.07,284
2026-09-18T03:25:00+00:00,2395.07,2395.28,2394.94,2395.23,405
2026-09-18T03:30:00+00:00,2395.23,2395.88,2395.11,2395.7,380
2026-09-18T03:35:00+00:00,2395.7,2396.11,2395.51,2395.96,245
2026-09-18T03:40:00+00:00,2395.96,2396.02,2395.39,2395.65,234
2026-09-18T03:45:00+00:00,2395.65,2396.95,2395.17,2396.53,195
2026-09-18T03:50:00+00:00,2396.53,2396.73,2395.57,2396.09,263
2026-09-18T03:55:00+00:00,2396.09,2396.14,2395.62,2395.86,318
2026-09-18T04:00:00+00:00,2395.86,2396.24,2395.63,2396.14,197
2026-09-18T04:05:00+00:00,2396.14,2396.64,2395.74,2395.89,270
2026-09-18T04:10:00+00:00,2395.89,2396.66,2395.74,2396.42,374
2026-09-18T04:15:00+00:00,2396.42,2396.75,2396.35,2396.52,161
2026-09-18T04:20:00+00:00,2396.52,2396.57,2396.24,2396.35,372
2026-09-18T04:25:00+00:00,2396.35,2396.5,2396.26,2396.35,326
2026-09-18T04:30:00+00:00,2396.35,2396.57,2395.98,2396.27,351
2026-09-18T04:35:00+00:00,2396.27,2396.5,2396.19,2396.32,253
2026-09-18T04:40:00+00:00,2396.32,2396.67,2395.88,2396.52,365
2026-09-18T04:45:00+00:00,2396.52,2396.68,2395.97,2396.24,364
2026-09-18T04:50:00+00:00,2396.24,2396.28,2396.0,2396.09,221
2026-09-18T04:55:00+00:00,2396.09,2396.96,2395.71,2396.79,278
2026-09-18T05:00:00+00:00,2396.79,2397.7,2396.52,2397.52,236
2026-09-18T05:05:00+00:00,2397.52,2397.69,2397.16,2397.29,317
2026-09-18T05:10:00+00:00,2397.29,2397.77,2396.65,2397.13,347
2026-09-18T05:15:00+00:00,2397.13,2397.88,2395.99,2396.62,308
2026-09-18T05:20:00+00:00,2396.62,2397.24,2396.52,2397.01,415
2026-09-18T05:25:00+00:00,2397.01,2397.41,2396.12,2396.67,251
2026-09-18T05:30:00+00:00,2396.67,2396.74,2396.1,2396.32,305
2026-09-18T05:35:00+00:00,2396.32,2396.64,2396.06,2396.52,213
2026-09-18T05:40:00+00:00,2396.52,2397.41,2396.4,2396.81,242
2026-09-18T05:45:00+00:00,2396.81,2396.97,2396.33,2396.49,430
2026-09-18T05:50:00+00:00,2396.49,2396.54,2396.43,2396.47,149
2026-09-18T05:55:00+00:00,2396.47,2396.92,2395.85,2396.75,245
2026-09-18T06:00:00+00:00,2396.75,2397.33,2396.67,2397.13,288
2026-09-18T06:05:00+00:00,2397.13,2397.97,2396.83,2397.61,287
2026-09-18T06:10:00+00:00,2397.61,2398.22,2397.49,2398.03,146
2026-09-18T06:15:00+00:00,2398.03,2398.95,2397.43,2398.7,283
2026-09-18T06:20:00+00:00,2398.7,2399.29,2398.27,2399.12,262
2026-09-18T06:25:00+00:00,2399.12,2399.51,2398.87,2398.95,377
2026-09-18T06:30:00+00:00,2398.95,2399.1,2398.45,2398.54,258
2026-09-18T06:35:00+00:00,2398.54,2398.82,2398.2,2398.57,364
2026-09-18T06:40:00+00:00,2398.57,2398.89,2398.34,2398.59,304
2026-09-18T06:45:00+00:00,2398.59,2399.07,2398.55,2398.76,302
2026-09-18T06:50:00+00:00,2398.76,2398.89,2398.15,2398.26,258
2026-09-18T06:55:00+00:00,2398.26,2398.44,2397.9,2398.1,246
2026-09-18T07:00:00+00:00,2398.1,2399.78,2397.7,2399.41,458
2026-09-18T07:05:00+00:00,2399.41,2400.69,2398.51,2398.74,535
2026-09-18T07:10:00+00:00,2398.74,2399.41,2398.4,2399.28,233
2026-09-18T07:15:00+00:00,2399.28,2399.62,2399.21,2399.51,410
2026-09-18T07:20:00+00:00,2399.51,2399.62,2398.55,2399.29,182
2026-09-18T07:25:00+00:00,2399.29,2400.15,2398.89,2399.62,406
2026-09-18T07:30:00+00:00,2399.62,2399.99,2399.02,2399.23,921
2026-09-18T07:35:00+00:00,2399.23,2399.99,2398.53,2399.61,640
2026-09-18T07:40:00+00:00,2399.61,2400.06,2398.77,2399.01,476
2026-09-18T07:45:00+00:00,2399.01,2399.35,2398.05,2398.62,968
2026-09-18T07:50:00+00:00,2398.62,2398.92,2397.32,2398.34,781
2026-09-18T07:55:00+00:00,2398.34,2400.45,2398.0,2400.07,483
2026-09-18T08:00:00+00:00,2400.07,2400.08,2399.66,2400.03,273
2026-09-18T08:05:00+00:00,2400.03,2400.14,2399.47,2399.57,290
2026-09-18T08:10:00+00:00,2399.57,2402.09,2399.15,2401.66,481
2026-09-18T08:15:00+00:00,2401.66,2402.26,2401.6,2401.71,758
2026-09-18T08:20:00+00:00,2401.71,2402.78,2401.3,2402.12,692
2026-09-18T08:25:00+00:00,2402.12,2402.51,2399.66,2400.53,638
2026-09-18T08:30:00+00:00,2400.53,2400.99,2399.51,2400.44,596
2026-09-18T08:35:00+00:00,2400.44,2400.82,2398.99,2399.27,303
2026-09-18T08:40:00+00:00,2399.27,2400.37,2398.32,2398.88,606
2026-09-18T08:45:00+00:00,2398.88,2400.7,2398.49,2400.34,631
2026-09-18T08:50:00+00:00,2400.34,2401.09,2400.07,2400.26,598
2026-09-18T08:55:00+00:00,2400.26,2401.56,2399.34,2401.07,574
2026-09-18T09:00:00+00:00,2401.07,2402.25,2400.91,2401.87,317
2026-09-18T09:05:00+00:00,2401.87,2402.85,2400.67,2401.59,48
2026-09-18T09:10:00+00:00,2401.59,2401.69,2401.24,2401.53,572
2026-09-18T09:15:00+00:00,2401.53,2402.27,2400.95,2401.59,423
2026-09-18T09:20:00+00:00,2401.59,2402.37,2401.42,2402.15,632
2026-09-18T09:25:00+00:00,2402.15,2402.18,2401.62,2402.05,190
2026-09-18T09:30:00+00:00,2402.05,2403.43,2401.78,2402.79,382
2026-09-18T09:35:00+00:00,2402.79,2403.87,2402.38,2403.2,180
2026-09-18T09:40:00+00:00,2403.2,2404.9,2402.92,2403.95,547
2026-09-18T09:45:00+00:00,2403.95,2404.52,2401.45,2402.63,214
2026-09-18T09:50:00+00:00,2402.63,2403.02,2401.53,2402.7,287
2026-09-18T09:55:00+00:00,2402.7,2403.49,2402.23,2403.16,384
2026-09-18T10:00:00+00:00,2403.16,2403.26,2402.87,2402.94,415
2026-09-18T10:05:00+00:00,2402.94,2403.18,2401.08,2401.81,278
2026-09-18T10:10:00+00:00,2401.81,2402.29,2401.33,2401.43,523
2026-09-18T10:15:00+00:00,2401.43,2401.94,2399.28,2400.11,761
2026-09-18T10:20:00+00:00,2400.11,2400.83,2399.27,2399.57,563
2026-09-18T10:25:00+00:00,2399.57,2399.64,2399.02,2399.22,549
2026-09-18T10:30:00+00:00,2399.22,2400.03,2398.85,2399.8,382
2026-09-18T10:35:00+00:00,2399.8,2400.2,2398.09,2398.84,571
2026-09-18T10:40:00+00:00,2398.84,2399.36,2397.84,2398.33,680
2026-09-18T10:45:00+00:00,2398.33,2398.72,2397.51,2398.12,279
2026-09-18T10:50:00+00:00,2398.12,2398.57,2397.35,2398.44,342
2026-09-18T10:55:00+00:00,2398.44,2399.05,2397.96,2398.67,377
2026-09-18T11:00:00+00:00,2398.67,2399.68,2397.93,2399.4,285
2026-09-18T11:05:00+00:00,2399.4,2399.73,2398.34,2399.1,438
2026-09-18T11:10:00+00:00,2399.1,2399.83,2397.91,2398.28,733
2026-09-18T11:15:00+00:00,2398.28,2398.81,2397.91,2398.1,415
2026-09-18T11:20:00+00:00,2398.1,2398.88,2397.64,2398.42,360
2026-09-18T11:25:00+00:00,2398.42,2399.0,2397.63,2398.1,62
2026-09-18T11:30:00+00:00,2398.1,2399.27,2397.33,2397.69,264
2026-09-18T11:35:00+00:00,2397.69,2397.98,2395.38,2396.11,429
2026-09-18T11:40:00+00:00,2396.11,2397.29,2394.33,2395.42,578
2026-09-18T11:45:00+00:00,2395.42,2396.88,2394.39,2396.34,416
2026-09-18T11:50:00+00:00,2396.34,2396.7,2395.53,2395.84,864
2026-09-18T11:55:00+00:00,2395.84,2396.39,2395.8,2395.94,249
2026-09-18T12:00:00+00:00,2395.94,2397.17,2394.6,2396.43,491
2026-09-18T12:05:00+00:00,2396.43,2397.94,2395.15,2395.55,779
2026-09-18T12:10:00+00:00,2395.55,2396.71,2395.32,2396.29,911
2026-09-18T12:15:00+00:00,2396.29,2398.52,2395.69,2397.6,842
2026-09-18T12:20:00+00:00,2397.6,2398.28,2397.0,2397.86,247
2026-09-18T12:25:00+00:00,2397.86,2399.72,2396.15,2398.95,758
2026-09-18T12:30:00+00:00,2398.95,2399.84,2398.19,2399.62,1006
2026-09-18T12:35:00+00:00,2399.62,2399.75,2399.01,2399.27,746
2026-09-18T12:40:00+00:00,2399.27,2399.48,2398.62,2399.3,106
2026-09-18T12:45:00+00:00,2399.3,2399.44,2398.8,2399.01,856
2026-09-18T12:50:00+00:00,2399.01,2399.18,2398.27,2398.44,819
2026-09-18T12:55:00+00:00,2398.44,2400.62,2397.7,2399.69,832
2026-09-18T13:00:00+00:00,2399.69,2399.89,2398.49,2399.14,463
2026-09-18T13:05:00+00:00,2399.14,2400.67,2398.07,2398.62,644
2026-09-18T13:10:00+00:00,2398.62,2398.91,2396.59,2397.5,84
2026-09-18T13:15:00+00:00,2397.5,2397.87,2396.49,2397.65,990
2026-09-18T13:20:00+00:00,2397.65,2398.43,2393.23,2394.56,732
2026-09-18T13:25:00+00:00,2394.56,2394.87,2392.8,2393.1,392
2026-09-18T13:30:00+00:00,2393.1,2393.48,2392.18,2393.26,379
2026-09-18T13:35:00+00:00,2393.26,2393.71,2392.94,2393.33,520
2026-09-18T13:40:00+00:00,2393.33,2394.46,2392.73,2394.2,604
2026-09-18T13:45:00+00:00,2394.2,2396.98,2392.76,2396.33,831
2026-09-18T13:50:00+00:00,2396.33,2398.62,2395.6,2397.7,767
2026-09-18T13:55:00+00:00,2397.7,2398.66,2396.07,2396.5,800
2026-09-18T14:00:00+00:00,2396.5,2398.75,2396.16,2398.07,772
2026-09-18T14:05:00+00:00,2398.07,2398.23,2397.87,2398.0,982
2026-09-18T14:10:00+00:00,2398.0,2399.6,2397.42,2398.68,336
2026-09-18T14:15:00+00:00,2398.68,2400.36,2397.99,2399.94,921
2026-09-18T14:20:00+00:00,2399.94,2400.76,2398.37,2398.88,377
2026-09-18T14:25:00+00:00,2398.88,2399.16,2397.63,2398.0,278
2026-09-18T14:30:00+00:00,2398.0,2401.34,2397.48,2399.74,56
2026-09-18T14:35:00+00:00,2399.74,2399.77,2399.32,2399.69,1097
2026-09-18T14:40:00+00:00,2399.69,2400.13,2398.44,2399.53,1123
2026-09-18T14:45:00+00:00,2399.53,2400.41,2399.41,2399.48,771
2026-09-18T14:50:00+00:00,2399.48,2399.85,2398.17,2398.86,907
2026-09-18T14:55:00+00:00,2398.86,2399.72,2398.43,2399.53,554
2026-09-18T15:00:00+00:00,2399.53,2400.08,2398.85,2399.78,293
2026-09-18T15:05:00+00:00,2399.78,2400.96,2399.11,2400.75,514
2026-09-18T15:10:00+00:00,2400.75,2401.5,2398.7,2399.53,462
2026-09-18T15:15:00+00:00,2399.53,2399.91,2397.55,2398.43,682
2026-09-18T15:20:00+00:00,2398.43,2399.01,2397.84,2398.03,349
2026-09-18T15:25:00+00:00,2398.03,2399.22,2397.7,2398.83,762
2026-09-18T15:30:00+00:00,2398.83,2399.83,2397.38,2398.23,270
2026-09-18T15:35:00+00:00,2398.23,2398.79,2396.56,2396.82,563
2026-09-18T15:40:00+00:00,2396.82,2397.49,2395.39,2395.95,403
2026-09-18T15:45:00+00:00,2395.95,2396.21,2394.52,2394.87,614
2026-09-18T15:50:00+00:00,2394.87,2395.63,2394.16,2395.46,280
2026-09-18T15:55:00+00:00,2395.46,2395.73,2395.18,2395.32,422
2026-09-18T16:00:00+00:00,2395.32,2395.95,2394.08,2394.74,319
2026-09-18T16:05:00+00:00,2394.74,2396.35,2393.94,2395.97,783
2026-09-18T16:10:00+00:00,2395.97,2396.66,2395.02,2396.26,384
2026-09-18T16:15:00+00:00,2396.26,2396.6,2394.49,2395.42,706
2026-09-18T16:20:00+00:00,2395.42,2396.98,2394.73,2396.52,806
2026-09-18T16:25:00+00:00,2396.52,2397.16,2395.97,2396.25,509
2026-09-18T16:30:00+00:00,2396.25,2397.26,2396.05,2396.12,210
2026-09-18T16:35:00+00:00,2396.12,2396.42,2393.7,2394.79,544
2026-09-18T16:40:00+00:00,2394.79,2395.11,2393.13,2393.78,728
2026-09-18T16:45:00+00:00,2393.78,2393.91,2393.03,2393.43,427
2026-09-18T16:50:00+00:00,2393.43,2393.76,2391.13,2392.01,414
2026-09-18T16:55:00+00:00,2392.01,2394.36,2391.34,2393.14,431
2026-09-18T17:00:00+00:00,2393.14,2393.67,2393.02,2393.27,705
2026-09-18T17:05:00+00:00,2393.27,2394.77,2392.48,2394.44,294
2026-09-18T17:10:00+00:00,2394.44,2394.69,2393.82,2394.2,331
2026-09-18T17:15:00+00:00,2394.2,2395.09,2393.93,2394.84,450
2026-09-18T17:20:00+00:00,2394.84,2395.48,2393.53,2393.8,410
2026-09-18T17:25:00+00:00,2393.8,2393.97,2392.98,2393.55,403
2026-09-18T17:30:00+00:00,2393.55,2393.91,2391.86,2392.65,293
2026-09-18T17:35:00+00:00,2392.65,2393.28,2390.02,2390.58,493
2026-09-18T17:40:00+00:00,2390.58,2391.38,2387.85,2389.02,529
2026-09-18T17:45:00+00:00,2389.02,2389.49,2387.38,2388.01,421
2026-09-18T17:50:00+00:00,2388.01,2389.31,2387.1,2388.39,616
2026-09-18T17:55:00+00:00,2388.39,2388.88,2387.7,2388.66,470
2026-09-18T18:00:00+00:00,2388.66,2389.18,2388.36,2388.43,448
2026-09-18T18:05:00+00:00,2388.43,2390.06,2387.97,2389.76,717
2026-09-18T18:10:00+00:00,2389.76,2390.07,2388.6,2388.97,691
2026-09-18T18:15:00+00:00,2388.97,2389.12,2388.9,2388.98,716
2026-09-18T18:20:00+00:00,2388.98,2390.55,2388.62,2390.12,317
2026-09-18T18:25:00+00:00,2390.12,2390.27,2389.49,2390.24,321
2026-09-18T18:30:00+00:00,2390.24,2390.88,2389.45,2389.75,286
2026-09-18T18:35:00+00:00,2389.75,2390.08,2388.53,2388.94,359
2026-09-18T18:40:00+00:00,2388.94,2389.63,2387.01,2388.21,923
2026-09-18T18:45:00+00:00,2388.21,2389.51,2387.57,2389.18,411
2026-09-18T18:50:00+00:00,2389.18,2389.68,2387.17,2388.12,288
2026-09-18T18:55:00+00:00,2388.12,2389.39,2387.05,2387.36,498
2026-09-18T19:00:00+00:00,2387.36,2388.17,2385.49,2386.12,592
2026-09-18T19:05:00+00:00,2386.12,2386.39,2385.71,2386.13,215
2026-09-18T19:10:00+00:00,2386.13,2386.85,2385.96,2386.53,399
2026-09-18T19:15:00+00:00,2386.53,2387.28,2384.87,2385.44,494
2026-09-18T19:20:00+00:00,2385.44,2386.06,2384.55,2385.76,627
2026-09-18T19:25:00+00:00,2385.76,2386.15,2384.16,2384.73,549
2026-09-18T19:30:00+00:00,2384.73,2386.61,2384.24,2386.1,828
2026-09-18T19:35:00+00:00,2386.1,2386.42,2384.17,2384.95,541
2026-09-18T19:40:00+00:00,2384.95,2385.17,2383.91,2384.25,346
2026-09-18T19:45:00+00:00,2384.25,2385.39,2383.63,2385.01,301
2026-09-18T19:50:00+00:00,2385.01,2385.08,2384.42,2384.69,865
2026-09-18T19:55:00+00:00,2384.69,2385.44,2384.54,2384.65,791
2026-09-18T20:00:00+00:00,2384.65,2384.93,2383.8,2383.93,718
2026-09-18T20:05:00+00:00,2383.93,2384.33,2382.78,2383.05,610
2026-09-18T20:10:00+00:00,2383.05,2383.4,2382.1,2382.59,234
2026-09-18T20:15:00+00:00,2382.59,2383.17,2382.24,2382.88,252
2026-09-18T20:20:00+00:00,2382.88,2383.12,2382.41,2382.65,111
2026-09-18T20:25:00+00:00,2382.65,2383.75,2380.29,2380.94,477
2026-09-18T20:30:00+00:00,2380.94,2381.61,2380.44,2381.47,243
2026-09-18T20:35:00+00:00,2381.47,2382.14,2381.33,2381.58,381
2026-09-18T20:40:00+00:00,2381.58,2381.86,2381.31,2381.41,538
2026-09-18T20:45:00+00:00,2381.41,2382.63,2381.1,2382.37,241
2026-09-18T20:50:00+00:00,2382.37,2383.22,2382.0,2382.93,616
2026-09-18T20:55:00+00:00,2382.93,2383.15,2382.41,2382.61,363
2026-09-20T22:00:00+00:00,2382.61,2383.97,2382.14,2383.44,556
2026-09-20T22:05:00+00:00,2383.44,2384.17,2383.03,2383.26,331
2026-09-20T22:10:00+00:00,2383.26,2383.77,2382.5,2382.83,605
2026-09-20T22:15:00+00:00,2382.83,2383.91,2382.48,2383.51,119
2026-09-20T22:20:00+00:00,2383.51,2383.96,2382.37,2382.82,483
2026-09-20T22:25:00+00:00,2382.82,2383.14,2382.22,2382.47,420
2026-09-20T22:30:00+00:00,2382.47,2383.19,2382.26,2382.51,457
2026-09-20T22:35:00+00:00,2382.51,2382.67,2382.17,2382.31,502
2026-09-20T22:40:00+00:00,2382.31,2383.29,2381.73,2382.95,195
2026-09-20T22:45:00+00:00,2382.95,2383.4,2382.49,2382.82,292
2026-09-20T22:50:00+00:00,2382.82,2383.12,2382.28,2382.74,435
2026-09-20T22:55:00+00:00,2382.74,2384.12,2382.41,2383.8,415
2026-09-20T23:00:00+00:00,2383.8,2384.27,2383.74,2383.88,217
2026-09-20T23:05:00+00:00,2383.88,2384.28,2383.74,2383.91,412
2026-09-20T23:10:00+00:00,2383.91,2384.54,2383.82,2384.34,364
2026-09-20T23:15:00+00:00,2384.34,2385.4,2384.2,2384.85,325
2026-09-20T23:20:00+00:00,2384.85,2385.54,2384.83,2384.9,365
2026-09-20T23:25:00+00:00,2384.9,2385.2,2384.78,2385.0,319
2026-09-20T23:30:00+00:00,2385.0,2385.27,2384.56,2384.76,157
2026-09-20T23:35:00+00:00,2384.76,2385.26,2384.49,2384.95,257
2026-09-20T23:40:00+00:00,2384.95,2384.99,2384.73,2384.79,161
2026-09-20T23:45:00+00:00,2384.79,2384.93,2384.15,2384.57,296
2026-09-20T23:50:00+00:00,2384.57,2385.04,2383.76,2384.0,292
2026-09-20T23:55:00+00:00,2384.0,2384.63,2383.42,2384.46,163
2026-09-21T00:00:00+00:00,2384.46,2385.36,2384.36,2384.97,333
2026-09-21T00:05:00+00:00,2384.97,2385.39,2384.88,2384.99,307
2026-09-21T00:10:00+00:00,2384.99,2385.29,2384.38,2384.75,216
2026-09-21T00:15:00+00:00,2384.75,2384.87,2384.06,2384.48,256
2026-09-21T00:20:00+00:00,2384.48,2385.26,2384.29,2385.11,277
2026-09-21T00:25:00+00:00,2385.11,2385.4,2385.0,2385.11,238
2026-09-21T00:30:00+00:00,2385.11,2385.32,2384.47,2384.79,408
2026-09-21T00:35:00+00:00,2384.79,2385.25,2384.62,2384.88,399
2026-09-21T00:40:00+00:00,2384.88,2385.14,2383.44,2383.88,363
2026-09-21T00:45:00+00:00,2383.88,2384.24,2383.54,2384.04,314
2026-09-21T00:50:00+00:00,2384.04,2384.92,2383.87,2384.74,176
2026-09-21T00:55:00+00:00,2384.74,2385.14,2384.58,2385.06,286
2026-09-21T01:00:00+00:00,2385.06,2385.42,2384.89,2385.22,184
2026-09-21T01:05:00+00:00,2385.22,2385.53,2385.05,2385.28,385
2026-09-21T01:10:00+00:00,2385.28,2385.74,2384.0,2384.4,377
2026-09-21T01:15:00+00:00,2384.4,2384.9,2383.79,2383.99,266
2026-09-21T01:20:00+00:00,2383.99,2385.62,2383.66,2385.03,503
2026-09-21T01:25:00+00:00,2385.03,2385.35,2383.94,2384.12,326
2026-09-21T01:30:00+00:00,2384.12,2384.83,2382.88,2383.37,354
2026-09-21T01:35:00+00:00,2383.37,2384.0,2382.18,2382.61,265
2026-09-21T01:40:00+00:00,2382.61,2382.95,2381.71,2382.19,380
2026-09-21T01:45:00+00:00,2382.19,2382.75,2381.94,2382.3,416
2026-09-21T01:50:00+00:00,2382.3,2382.65,2382.0,2382.53,214
2026-09-21T01:55:00+00:00,2382.53,2383.14,2382.27,2382.91,504
2026-09-21T02:00:00+00:00,2382.91,2383.05,2382.08,2382.46,255
2026-09-21T02:05:00+00:00,2382.46,2382.51,2381.86,2382.2,389
2026-09-21T02:10:00+00:00,2382.2,2382.64,2381.77,2382.13,204
2026-09-21T02:15:00+00:00,2382.13,2382.86,2381.74,2382.63,335
2026-09-21T02:20:00+00:00,2382.63,2382.8,2382.16,2382.52,85
2026-09-21T02:25:00+00:00,2382.52,2382.71,2382.16,2382.29,348
2026-09-21T02:30:00+00:00,2382.29,2382.84,2381.24,2381.42,217
2026-09-21T02:35:00+00:00,2381.42,2382.73,2380.8,2382.43,385
2026-09-21T02:40:00+00:00,2382.43,2383.53,2382.31,2383.03,308
2026-09-21T02:45:00+00:00,2383.03,2383.52,2381.94,2382.46,219
2026-09-21T02:50:00+00:00,2382.46,2382.96,2381.5,2381.82,325
2026-09-21T02:55:00+00:00,2381.82,2382.01,2381.63,2381.95,439
2026-09-21T03:00:00+00:00,2381.95,2382.59,2381.8,2381.83,323
2026-09-21T03:05:00+00:00,2381.83,2382.18,2381.31,2381.94,373
2026-09-21T03:10:00+00:00,2381.94,2382.27,2381.17,2381.48,379
2026-09-21T03:15:00+00:00,2381.48,2381.64,2381.0,2381.44,384
2026-09-21T03:20:00+00:00,2381.44,2381.68,2380.59,2380.79,311
2026-09-21T03:25:00+00:00,2380.79,2381.03,2380.37,2380.95,325
2026-09-21T03:30:00+00:00,2380.95,2381.09,2380.03,2380.45,159
2026-09-21T03:35:00+00:00,2380.45,2381.92,2380.21,2381.15,352
2026-09-21T03:40:00+00:00,2381.15,2381.73,2381.02,2381.22,176
2026-09-21T03:45:00+00:00,2381.22,2381.43,2381.12,2381.19,311
2026-09-21T03:50:00+00:00,2381.19,2381.87,2380.9,2381.72,331
2026-09-21T03:55:00+00:00,2381.72,2382.04,2381.23,2381.85,152
2026-09-21T04:00:00+00:00,2381.85,2383.62,2381.54,2383.16,223
2026-09-21T04:05:00+00:00,2383.16,2383.68,2383.08,2383.34,388
2026-09-21T04:10:00+00:00,2383.34,2384.12,2383.16,2383.86,420
2026-09-21T04:15:00+00:00,2383.86,2384.51,2383.69,2383.99,412
2026-09-21T04:20:00+00:00,2383.99,2384.22,2383.43,2383.82,177
2026-09-21T04:25:00+00:00,2383.82,2384.07,2382.77,2383.06,224
2026-09-21T04:30:00+00:00,2383.06,2383.33,2382.52,2383.07,293
2026-09-21T04:35:00+00:00,2383.07,2383.15,2382.43,2382.87,321
2026-09-21T04:40:00+00:00,2382.87,2383.19,2382.02,2382.27,320
2026-09-21T04:45:00+00:00,2382.27,2382.85,2382.19,2382.7,365
2026-09-21T04:50:00+00:00,2382.7,2383.57,2382.59,2382.89,278
2026-09-21T04:55:00+00:00,2382.89,2383.29,2382.72,2383.11,334
2026-09-21T05:00:00+00:00,2383.11,2383.36,2382.83,2382.88,293
2026-09-21T05:05:00+00:00,2382.88,2383.02,2381.99,2382.19,348
2026-09-21T05:10:00+00:00,2382.19,2383.46,2381.7,2383.15,331
2026-09-21T05:15:00+00:00,2383.15,2383.29,2382.95,2383.03,254
2026-09-21T05:20:00+00:00,2383.03,2383.23,2382.77,2383.14,390
2026-09-21T05:25:00+00:00,2383.14,2383.39,2382.97,2383.24,444
2026-09-21T05:30:00+00:00,2383.24,2383.79,2382.3,2382.6,129
2026-09-21T05:35:00+00:00,2382.6,2383.04,2382.16,2382.81,354
2026-09-21T05:40:00+00:00,2382.81,2383.26,2382.21,2382.42,478
2026-09-21T05:45:00+00:00,2382.42,2382.94,2382.25,2382.84,391
2026-09-21T05:50:00+00:00,2382.84,2384.51,2382.54,2384.05,103
2026-09-21T05:55:00+00:00,2384.05,2384.12,2383.88,2383.95,505
2026-09-21T06:00:00+00:00,2383.95,2384.0,2383.49,2383.68,289
2026-09-21T06:05:00+00:00,2383.68,2385.26,2383.32,2384.94,256
2026-09-21T06:10:00+00:00,2384.94,2385.21,2384.55,2384.84,184
2026-09-21T06:15:00+00:00,2384.84,2385.0,2384.46,2384.83,72
2026-09-21T06:20:00+00:00,2384.83,2385.76,2384.41,2385.53,68
2026-09-21T06:25:00+00:00,2385.53,2385.78,2384.24,2384.83,165
2026-09-21T06:30:00+00:00,2384.83,2385.1,2384.51,2384.97,331
2026-09-21T06:35:00+00:00,2384.97,2385.65,2384.48,2385.43,364
2026-09-21T06:40:00+00:00,2385.43,2386.61,2384.9,2386.24,284
2026-09-21T06:45:00+00:00,2386.24,2387.34,2385.87,2387.06,250
2026-09-21T06:50:00+00:00,2387.06,2387.35,2386.92,2387.31,311
2026-09-21T06:55:00+00:00,2387.31,2387.67,2387.04,2387.14,221
2026-09-21T07:00:00+00:00,2387.14,2387.48,2386.76,2387.0,505
2026-09-21T07:05:00+00:00,2387.0,2387.54,2385.66,2385.97,925
2026-09-21T07:10:00+00:00,2385.97,2388.01,2385.29,2387.67,595
2026-09-21T07:15:00+00:00,2387.67,2388.44,2387.58,2387.97,594
2026-09-21T07:20:00+00:00,2387.97,2388.22,2386.88,2387.44,730
2026-09-21T07:25:00+00:00,2387.44,2387.63,2386.51,2387.11,654
2026-09-21T07:30:00+00:00,2387.11,2388.19,2386.73,2387.87,732
2026-09-21T07:35:00+00:00,2387.87,2388.02,2386.65,2387.48,631
2026-09-21T07:40:00+00:00,2387.48,2387.98,2386.99,2387.23,529
2026-09-21T07:45:00+00:00,2387.23,2387.93,2385.61,2386.08,518
2026-09-21T07:50:00+00:00,2386.08,2387.28,2384.75,2385.1,547
2026-09-21T07:55:00+00:00,2385.1,2385.38,2383.47,2384.03,516
2026-09-21T08:00:00+00:00,2384.03,2384.91,2383.87,2384.75,858
2026-09-21T08:05:00+00:00,2384.75,2385.0,2383.42,2384.19,724
2026-09-21T08:10:00+00:00,2384.19,2384.75,2383.5,2383.78,460
2026-09-21T08:15:00+00:00,2383.78,2384.5,2383.17,2384.19,209
2026-09-21T08:20:00+00:00,2384.19,2385.31,2383.83,2385.0,645
2026-09-21T08:25:00+00:00,2385.0,2386.26,2384.84,2385.83,743
2026-09-21T08:30:00+00:00,2385.83,2386.81,2385.34,2386.33,534
2026-09-21T08:35:00+00:00,2386.33,2386.82,2385.64,2385.86,406
2026-09-21T08:40:00+00:00,2385.86,2387.03,2385.53,2386.75,328
2026-09-21T08:45:00+00:00,2386.75,2388.21,2385.83,2387.41,514
2026-09-21T08:50:00+00:00,2387.41,2388.01,2386.89,2386.99,656
2026-09-21T08:55:00+00:00,2386.99,2388.9,2386.22,2387.97,928
2026-09-21T09:00:00+00:00,2387.97,2390.02,2387.62,2389.46,742
2026-09-21T09:05:00+00:00,2389.46,2390.51,2388.35,2388.81,557
2026-09-21T09:10:00+00:00,2388.81,2389.83,2388.57,2389.6,446
2026-09-21T09:15:00+00:00,2389.6,2390.39,2389.33,2389.76,295
2026-09-21T09:20:00+00:00,2389.76,2390.65,2389.69,2389.95,674
2026-09-21T09:25:00+00:00,2389.95,2390.68,2388.67,2389.77,800
2026-09-21T09:30:00+00:00,2389.77,2390.4,2389.06,2389.49,841
2026-09-21T09:35:00+00:00,2389.49,2389.65,2388.59,2389.29,621
2026-09-21T09:40:00+00:00,2389.29,2390.99,2387.75,2390.57,600
2026-09-21T09:45:00+00:00,2390.57,2391.14,2388.04,2388.65,556
2026-09-21T09:50:00+00:00,2388.65,2390.49,2388.33,2389.79,343
2026-09-21T09:55:00+00:00,2389.79,2390.03,2388.96,2389.4,34
2026-09-21T10:00:00+00:00,2389.4,2390.78,2389.27,2390.0,584
2026-09-21T10:05:00+00:00,2390.0,2390.14,2388.28,2389.63,866
2026-09-21T10:10:00+00:00,2389.63,2390.07,2387.82,2388.24,335
2026-09-21T10:15:00+00:00,2388.24,2389.47,2387.3,2388.99,149
2026-09-21T10:20:00+00:00,2388.99,2390.06,2387.9,2389.48,478
2026-09-21T10:25:00+00:00,2389.48,2389.96,2389.34,2389.87,690
2026-09-21T10:30:00+00:00,2389.87,2390.09,2389.0,2389.28,193
2026-09-21T10:35:00+00:00,2389.28,2391.06,2388.68,2390.75,324
2026-09-21T10:40:00+00:00,2390.75,2391.6,2389.29,2390.33,329
2026-09-21T10:45:00+00:00,2390.33,2390.82,2390.24,2390.46,505
2026-09-21T10:50:00+00:00,2390.46,2390.78,2389.23,2390.2,600
2026-09-21T10:55:00+00:00,2390.2,2390.67,2388.84,2389.21,668
2026-09-21T11:00:00+00:00,2389.21,2389.57,2387.92,2388.18,617
2026-09-21T11:05:00+00:00,2388.18,2390.21,2387.65,2388.95,1138
2026-09-21T11:10:00+00:00,2388.95,2389.15,2387.21,2388.04,654
2026-09-21T11:15:00+00:00,2388.04,2389.06,2387.47,2388.88,596
2026-09-21T11:20:00+00:00,2388.88,2389.08,2387.62,2388.55,245
2026-09-21T11:25:00+00:00,2388.55,2390.29,2388.16,2389.83,469
2026-09-21T11:30:00+00:00,2389.83,2391.69,2388.35,2389.25,711
2026-09-21T11:35:00+00:00,2389.25,2389.69,2387.04,2387.92,538
2026-09-21T11:40:00+00:00,2387.92,2388.13,2386.4,2386.98,810
2026-09-21T11:45:00+00:00,2386.98,2387.85,2386.61,2387.43,339
2026-09-21T11:50:00+00:00,2387.43,2388.08,2387.23,2387.68,552
2026-09-21T11:55:00+00:00,2387.68,2388.28,2386.36,2386.75,808
2026-09-21T12:00:00+00:00,2386.75,2388.53,2386.52,2387.58,838
2026-09-21T12:05:00+00:00,2387.58,2388.08,2385.05,2386.34,599
2026-09-21T12:10:00+00:00,2386.34,2387.43,2384.79,2386.77,1035
2026-09-21T12:15:00+00:00,2386.77,2387.44,2386.29,2386.48,399
2026-09-21T12:20:00+00:00,2386.48,2387.05,2384.15,2385.04,943
2026-09-21T12:25:00+00:00,2385.04,2385.42,2382.69,2383.75,673
2026-09-21T12:30:00+00:00,2383.75,2384.06,2383.33,2383.94,454
2026-09-21T12:35:00+00:00,2383.94,2384.5,2382.71,2383.21,457
2026-09-21T12:40:00+00:00,2383.21,2387.99,2381.28,2385.72,671
2026-09-21T12:45:00+00:00,2385.72,2386.61,2385.1,2386.17,380
2026-09-21T12:50:00+00:00,2386.17,2386.51,2384.63,2385.05,556
2026-09-21T12:55:00+00:00,2385.05,2385.44,2383.6,2384.01,684
2026-09-21T13:00:00+00:00,2384.01,2384.83,2383.31,2384.64,328
2026-09-21T13:05:00+00:00,2384.64,2385.47,2381.44,2382.13,546
2026-09-21T13:10:00+00:00,2382.13,2382.45,2380.84,2381.13,984
2026-09-21T13:15:00+00:00,2381.13,2382.74,2380.47,2382.25,203
2026-09-21T13:20:00+00:00,2382.25,2383.76,2379.79,2381.0,399
2026-09-21T13:25:00+00:00,2381.0,2382.51,2380.29,2381.85,722
2026-09-21T13:30:00+00:00,2381.85,2382.84,2379.28,2380.67,647
2026-09-21T13:35:00+00:00,2380.67,2380.85,2380.27,2380.46,1299
2026-09-21T13:40:00+00:00,2380.46,2382.78,2378.97,2382.06,1028
2026-09-21T13:45:00+00:00,2382.06,2382.97,2379.47,2380.44,1071
2026-09-21T13:50:00+00:00,2380.44,2381.27,2380.18,2380.29,484
2026-09-21T13:55:00+00:00,2380.29,2381.12,2377.52,2378.41,726
2026-09-21T14:00:00+00:00,2378.41,2378.87,2376.18,2376.95,705
2026-09-21T14:05:00+00:00,2376.95,2377.57,2373.89,2374.87,455
2026-09-21T14:10:00+00:00,2374.87,2375.77,2374.23,2374.97,423
2026-09-21T14:15:00+00:00,2374.97,2375.64,2373.91,2374.64,442
2026-09-21T14:20:00+00:00,2374.64,2375.09,2374.13,2374.75,604
2026-09-21T14:25:00+00:00,2374.75,2375.02,2374.55,2374.86,904
2026-09-21T14:30:00+00:00,2374.86,2375.22,2373.82,2374.59,834
2026-09-21T14:35:00+00:00,2374.59,2376.02,2374.46,2375.11,723
2026-09-21T14:40:00+00:00,2375.11,2377.31,2373.85,2376.87,756
2026-09-21T14:45:00+00:00,2376.87,2377.32,2376.65,2377.12,325
2026-09-21T14:50:00+00:00,2377.12,2377.6,2375.99,2376.32,337
2026-09-21T14:55:00+00:00,2376.32,2376.87,2373.37,2374.28,442
2026-09-21T15:00:00+00:00,2374.28,2374.32,2374.1,2374.15,834
2026-09-21T15:05:00+00:00,2374.15,2374.61,2372.7,2373.16,278
2026-09-21T15:10:00+00:00,2373.16,2373.28,2372.85,2373.23,343
2026-09-21T15:15:00+00:00,2373.23,2373.82,2372.17,2372.87,631
2026-09-21T15:20:00+00:00,2372.87,2373.27,2372.69,2372.95,766
2026-09-21T15:25:00+00:00,2372.95,2374.67,2372.25,2374.03,473
2026-09-21T15:30:00+00:00,2374.03,2374.69,2373.18,2374.58,241
2026-09-21T15:35:00+00:00,2374.58,2375.96,2374.31,2375.06,723
2026-09-21T15:40:00+00:00,2375.06,2376.76,2374.72,2375.97,342
2026-09-21T15:45:00+00:00,2375.97,2376.21,2375.31,2375.86,185
2026-09-21T15:50:00+00:00,2375.86,2376.54,2374.81,2375.13,281
2026-09-21T15:55:00+00:00,2375.13,2375.68,2373.84,2374.1,514
2026-09-21T16:00:00+00:00,2374.1,2374.38,2372.52,2373.43,303
2026-09-21T16:05:00+00:00,2373.43,2373.79,2373.12,2373.37,654
2026-09-21T16:10:00+00:00,2373.37,2373.53,2372.81,2373.04,606
2026-09-21T16:15:00+00:00,2373.04,2375.0,2372.41,2374.16,397
2026-09-21T16:20:00+00:00,2374.16,2374.54,2371.98,2373.07,506
2026-09-21T16:25:00+00:00,2373.07,2373.52,2372.24,2372.5,833
2026-09-21T16:30:00+00:00,2372.5,2373.14,2370.76,2371.03,479
2026-09-21T16:35:00+00:00,2371.03,2371.3,2370.78,2370.9,478
2026-09-21T16:40:00+00:00,2370.9,2371.49,2369.7,2369.9,772
2026-09-21T16:45:00+00:00,2369.9,2370.79,2369.44,2370.55,750
2026-09-21T16:50:00+00:00,2370.55,2371.54,2370.22,2371.37,361
2026-09-21T16:55:00+00:00,2371.37,2372.02,2369.98,2370.31,188
2026-09-21T17:00:00+00:00,2370.31,2371.1,2369.81,2370.56,369
2026-09-21T17:05:00+00:00,2370.56,2371.98,2370.22,2371.7,529
2026-09-21T17:10:00+00:00,2371.7,2372.0,2371.66,2371.68,693
2026-09-21T17:15:00+00:00,2371.68,2372.04,2369.34,2370.09,597
2026-09-21T17:20:00+00:00,2370.09,2371.19,2369.62,2370.61,544
2026-09-21T17:25:00+00:00,2370.61,2370.88,2369.36,2369.71,469
2026-09-21T17:30:00+00:00,2369.71,2370.0,2368.77,2369.82,404
2026-09-21T17:35:00+00:00,2369.82,2369.85,2369.26,2369.78,723
2026-09-21T17:40:00+00:00,2369.78,2370.13,2368.93,2369.37,713
2026-09-21T17:45:00+00:00,2369.37,2370.85,2368.27,2370.58,228
2026-09-21T17:50:00+00:00,2370.58,2370.83,2369.86,2370.01,618
2026-09-21T17:55:00+00:00,2370.01,2370.45,2369.2,2370.31,528
2026-09-21T18:00:00+00:00,2370.31,2371.14,2368.39,2368.72,510
2026-09-21T18:05:00+00:00,2368.72,2369.39,2366.32,2367.66,801
2026-09-21T18:10:00+00:00,2367.66,2368.2,2367.11,2367.99,714
2026-09-21T18:15:00+00:00,2367.99,2368.68,2367.94,2368.28,460
2026-09-21T18:20:00+00:00,2368.28,2369.2,2368.02,2368.81,345
2026-09-21T18:25:00+00:00,2368.81,2368.92,2368.23,2368.51,663
2026-09-21T18:30:00+00:00,2368.51,2368.77,2367.0,2367.55,655
2026-09-21T18:35:00+00:00,2367.55,2368.07,2367.3,2367.69,243
2026-09-21T18:40:00+00:00,2367.69,2368.71,2367.44,2368.09,368
2026-09-21T18:45:00+00:00,2368.09,2368.41,2367.02,2367.39,121
2026-09-21T18:50:00+00:00,2367.39,2367.85,2366.01,2366.91,766
2026-09-21T18:55:00+00:00,2366.91,2367.07,2365.39,2366.25,974
2026-09-21T19:00:00+00:00,2366.25,2367.25,2366.1,2367.07,686
2026-09-21T19:05:00+00:00,2367.07,2367.39,2364.98,2365.62,548
2026-09-21T19:10:00+00:00,2365.62,2366.42,2365.23,2366.27,522
2026-09-21T19:15:00+00:00,2366.27,2366.8,2365.65,2365.78,441
2026-09-21T19:20:00+00:00,2365.78,2367.05,2365.33,2366.51,358
2026-09-21T19:25:00+00:00,2366.51,2366.86,2365.62,2366.2,482
2026-09-21T19:30:00+00:00,2366.2,2366.37,2365.87,2366.17,885
2026-09-21T19:35:00+00:00,2366.17,2367.16,2365.4,2366.73,377
2026-09-21T19:40:00+00:00,2366.73,2367.47,2365.68,2366.0,363
2026-09-21T19:45:00+00:00,2366.0,2367.07,2364.15,2364.72,708
2026-09-21T19:50:00+00:00,2364.72,2365.21,2363.49,2363.94,437
2026-09-21T19:55:00+00:00,2363.94,2365.1,2363.53,2364.23,537
2026-09-21T20:00:00+00:00,2364.23,2364.76,2364.08,2364.31,340
2026-09-21T20:05:00+00:00,2364.31,2364.73,2364.07,2364.22,458
2026-09-21T20:10:00+00:00,2364.22,2364.64,2363.69,2364.03,228
2026-09-21T20:15:00+00:00,2364.03,2364.16,2363.93,2364.08,273
2026-09-21T20:20:00+00:00,2364.08,2364.39,2363.97,2364.32,427
2026-09-21T20:25:00+00:00,2364.32,2364.56,2364.21,2364.44,506
2026-09-21T20:30:00+00:00,2364.44,2365.26,2363.35,2364.87,323
2026-09-21T20:35:00+00:00,2364.87,2365.09,2364.55,2364.96,333
2026-09-21T20:40:00+00:00,2364.96,2365.4,2364.68,2365.09,419
2026-09-21T20:45:00+00:00,2365.09,2365.22,2364.26,2364.42,524
2026-09-21T20:50:00+00:00,2364.42,2365.39,2364.07,2364.66,159
2026-09-21T20:55:00+00:00,2364.66,2365.82,2364.26,2365.56,414
2026-09-21T21:00:00+00:00,2365.56,2366.02,2364.29,2364.69,96
2026-09-21T21:05:00+00:00,2364.69,2365.69,2364.32,2365.37,294
2026-09-21T21:10:00+00:00,2365.37,2366.72,2364.61,2366.41,478
2026-09-21T21:15:00+00:00,2366.41,2367.82,2365.89,2367.59,363
2026-09-21T21:20:00+00:00,2367.59,2367.96,2366.39,2366.96,122
2026-09-21T21:25:00+00:00,2366.96,2367.28,2365.88,2366.23,470
2026-09-21T21:30:00+00:00,2366.23,2366.35,2365.14,2365.7,388
2026-09-21T21:35:00+00:00,2365.7,2365.8,2365.01,2365.27,398
2026-09-21T21:40:00+00:00,2365.27,2365.92,2364.98,2365.78,430
2026-09-21T21:45:00+00:00,2365.78,2366.61,2365.63,2366.37,136
2026-09-21T21:50:00+00:00,2366.37,2366.61,2366.13,2366.49,352
2026-09-21T21:55:00+00:00,2366.49,2367.69,2365.92,2367.12,329
2026-09-21T22:00:00+00:00,2367.12,2367.72,2365.97,2366.73,177
2026-09-21T22:05:00+00:00,2366.73,2366.93,2366.07,2366.3,286
2026-09-21T22:10:00+00:00,2366.3,2366.86,2366.22,2366.25,326
2026-09-21T22:15:00+00:00,2366.25,2366.37,2365.29,2365.78,265
2026-09-21T22:20:00+00:00,2365.78,2367.66,2365.52,2367.22,306
2026-09-21T22:25:00+00:00,2367.22,2367.53,2366.98,2367.13,597
2026-09-21T22:30:00+00:00,2367.13,2367.83,2366.8,2367.57,289
2026-09-21T22:35:00+00:00,2367.57,2368.13,2367.17,2367.9,286
2026-09-21T22:40:00+00:00,2367.9,2368.02,2367.28,2367.69,264
2026-09-21T22:45:00+00:00,2367.69,2368.11,2366.02,2366.67,353
2026-09-21T22:50:00+00:00,2366.67,2367.96,2366.31,2366.93,339
2026-09-21T22:55:00+00:00,2366.93,2367.26,2366.68,2367.05,336
2026-09-21T23:00:00+00:00,2367.05,2367.32,2366.88,2366.92,461
2026-09-21T23:05:00+00:00,2366.92,2367.41,2366.73,2367.32,92
2026-09-21T23:10:00+00:00,2367.32,2367.58,2366.99,2367.07,338
2026-09-21T23:15:00+00:00,2367.07,2367.5,2366.58,2366.75,220
2026-09-21T23:20:00+00:00,2366.75,2367.62,2366.48,2367.23,386
2026-09-21T23:25:00+00:00,2367.23,2368.07,2366.67,2367.78,318
2026-09-21T23:30:00+00:00,2367.78,2367.96,2367.66,2367.83,181
2026-09-21T23:35:00+00:00,2367.83,2368.45,2367.45,2368.19,390
2026-09-21T23:40:00+00:00,2368.19,2368.49,2367.9,2368.01,368
2026-09-21T23:45:00+00:00,2368.01,2368.31,2367.54,2367.63,188
2026-09-21T23:50:00+00:00,2367.63,2368.28,2366.15,2366.61,477
2026-09-21T23:55:00+00:00,2366.61,2366.75,2366.23,2366.33,209
2026-09-22T00:00:00+00:00,2366.33,2366.47,2365.46,2365.8,291
2026-09-22T00:05:00+00:00,2365.8,2366.15,2365.49,2365.73,195
2026-09-22T00:10:00+00:00,2365.73,2366.43,2365.53,2365.97,279
2026-09-22T00:15:00+00:00,2365.97,2366.06,2365.31,2365.87,298
2026-09-22T00:20:00+00:00,2365.87,2366.0,2364.79,2365.21,224
2026-09-22T00:25:00+00:00,2365.21,2365.29,2364.28,2364.78,240
2026-09-22T00:30:00+00:00,2364.78,2365.44,2364.43,2364.9,134
2026-09-22T00:35:00+00:00,2364.9,2365.91,2364.19,2365.68,335
2026-09-22T00:40:00+00:00,2365.68,2365.85,2364.93,2365.05,142
2026-09-22T00:45:00+00:00,2365.05,2365.59,2364.73,2365.34,242
2026-09-22T00:50:00+00:00,2365.34,2365.57,2364.06,2364.67,359
2026-09-22T00:55:00+00:00,2364.67,2365.26,2364.57,2364.95,303
2026-09-22T01:00:00+00:00,2364.95,2365.09,2364.56,2364.83,245
2026-09-22T01:05:00+00:00,2364.83,2364.9,2364.74,2364.81,235
2026-09-22T01:10:00+00:00,2364.81,2365.2,2363.64,2363.86,318
2026-09-22T01:15:00+00:00,2363.86,2364.47,2363.76,2363.93,208
2026-09-22T01:20:00+00:00,2363.93,2364.11,2363.33,2363.49,366
2026-09-22T01:25:00+00:00,2363.49,2364.24,2362.98,2364.03,260
2026-09-22T01:30:00+00:00,2364.03,2364.64,2363.67,2364.38,256
2026-09-22T01:35:00+00:00,2364.38,2364.64,2363.53,2363.7,317
2026-09-22T01:40:00+00:00,2363.7,2363.87,2362.73,2362.93,142
2026-09-22T01:45:00+00:00,2362.93,2364.02,2362.61,2363.64,241
2026-09-22T01:50:00+00:00,2363.64,2363.88,2362.89,2363.27,276
2026-09-22T01:55:00+00:00,2363.27,2364.52,2363.03,2364.07,196
2026-09-22T02:00:00+00:00,2364.07,2364.35,2363.9,2364.19,408
2026-09-22T02:05:00+00:00,2364.19,2364.63,2363.8,2363.95,402
2026-09-22T02:10:00+00:00,2363.95,2364.77,2363.75,2364.48,351
2026-09-22T02:15:00+00:00,2364.48,2364.76,2363.65,2364.36,266
2026-09-22T02:20:00+00:00,2364.36,2364.78,2364.3,2364.5,195
2026-09-22T02:25:00+00:00,2364.5,2364.86,2364.41,2364.7,383
2026-09-22T02:30:00+00:00,2364.7,2365.96,2364.42,2365.56,363
2026-09-22T02:35:00+00:00,2365.56,2365.79,2365.41,2365.49,354
2026-09-22T02:40:00+00:00,2365.49,2366.42,2364.96,2366.08,220
2026-09-22T02:45:00+00:00,2366.08,2366.32,2365.84,2366.06,226
2026-09-22T02:50:00+00:00,2366.06,2366.47,2365.92,2366.4,354
2026-09-22T02:55:00+00:00,2366.4,2366.54,2366.06,2366.19,297
2026-09-22T03:00:00+00:00,2366.19,2366.28,2365.96,2366.02,289
2026-09-22T03:05:00+00:00,2366.02,2366.5,2365.9,2366.18,187
2026-09-22T03:10:00+00:00,2366.18,2366.7,2366.09,2366.26,247
2026-09-22T03:15:00+00:00,2366.26,2366.46,2365.39,2365.92,246
2026-09-22T03:20:00+00:00,2365.92,2366.49,2365.27,2366.33,353
2026-09-22T03:25:00+00:00,2366.33,2367.04,2366.23,2366.7,300
2026-09-22T03:30:00+00:00,2366.7,2366.87,2366.53,2366.71,393
2026-09-22T03:35:00+00:00,2366.71,2367.13,2365.97,2366.3,273
2026-09-22T03:40:00+00:00,2366.3,2366.41,2365.41,2365.7,99
2026-09-22T03:45:00+00:00,2365.7,2366.13,2363.69,2364.38,265
2026-09-22T03:50:00+00:00,2364.38,2364.98,2363.83,2364.54,306
2026-09-22T03:55:00+00:00,2364.54,2364.61,2364.29,2364.54,270
2026-09-22T04:00:00+00:00,2364.54,2364.92,2363.02,2363.54,355
2026-09-22T04:05:00+00:00,2363.54,2363.85,2363.12,2363.77,337
2026-09-22T04:10:00+00:00,2363.77,2364.03,2363.4,2363.95,31
2026-09-22T04:15:00+00:00,2363.95,2364.09,2363.92,2363.97,291
2026-09-22T04:20:00+00:00,2363.97,2364.16,2362.68,2363.01,279
2026-09-22T04:25:00+00:00,2363.01,2363.61,2362.55,2363.42,185
2026-09-22T04:30:00+00:00,2363.42,2363.96,2363.25,2363.73,449
2026-09-22T04:35:00+00:00,2363.73,2364.3,2363.08,2363.43,249
2026-09-22T04:40:00+00:00,2363.43,2364.11,2362.69,2362.82,228
2026-09-22T04:45:00+00:00,2362.82,2363.2,2362.58,2362.74,117
2026-09-22T04:50:00+00:00,2362.74,2362.88,2362.42,2362.49,213
2026-09-22T04:55:00+00:00,2362.49,2362.9,2362.36,2362.8,202
2026-09-22T05:00:00+00:00,2362.8,2363.09,2362.37,2362.47,445
2026-09-22T05:05:00+00:00,2362.47,2362.76,2361.47,2362.08,386
2026-09-22T05:10:00+00:00,2362.08,2362.53,2362.01,2362.44,360
2026-09-22T05:15:00+00:00,2362.44,2363.4,2361.96,2363.08,254
2026-09-22T05:20:00+00:00,2363.08,2364.71,2362.85,2364.22,432
2026-09-22T05:25:00+00:00,2364.22,2364.44,2363.72,2363.92,280
2026-09-22T05:30:00+00:00,2363.92,2364.12,2363.21,2363.6,217
2026-09-22T05:35:00+00:00,2363.6,2363.81,2363.13,2363.42,249
2026-09-22T05:40:00+00:00,2363.42,2363.54,2363.4,2363.42,230
2026-09-22T05:45:00+00:00,2363.42,2363.78,2362.93,2363.09,44
2026-09-22T05:50:00+00:00,2363.09,2363.62,2362.65,2363.3,168
2026-09-22T05:55:00+00:00,2363.3,2363.46,2363.12,2363.3,339
2026-09-22T06:00:00+00:00,2363.3,2363.98,2363.27,2363.4,230
2026-09-22T06:05:00+00:00,2363.4,2363.74,2362.48,2362.7,288
2026-09-22T06:10:00+00:00,2362.7,2364.47,2362.29,2364.05,200
2026-09-22T06:15:00+00:00,2364.05,2364.33,2363.37,2363.65,361
2026-09-22T06:20:00+00:00,2363.65,2364.08,2363.4,2363.93,266
2026-09-22T06:25:00+00:00,2363.93,2364.27,2363.75,2364.03,319
2026-09-22T06:30:00+00:00,2364.03,2365.85,2363.73,2365.25,434
2026-09-22T06:35:00+00:00,2365.25,2365.41,2364.53,2364.97,408
2026-09-22T06:40:00+00:00,2364.97,2365.54,2364.45,2365.31,316
2026-09-22T06:45:00+00:00,2365.31,2365.56,2363.96,2364.25,268
2026-09-22T06:50:00+00:00,2364.25,2364.86,2364.01,2364.57,365
2026-09-22T06:55:00+00:00,2364.57,2364.92,2363.74,2364.16,271
2026-09-22T07:00:00+00:00,2364.16,2365.43,2363.99,2364.75,631
2026-09-22T07:05:00+00:00,2364.75,2365.21,2362.98,2364.04,540
2026-09-22T07:10:00+00:00,2364.04,2366.02,2363.15,2365.17,568
2026-09-22T07:15:00+00:00,2365.17,2366.13,2364.64,2365.47,618
2026-09-22T07:20:00+00:00,2365.47,2365.59,2364.21,2364.91,468
2026-09-22T07:25:00+00:00,2364.91,2365.22,2363.64,2364.12,802
2026-09-22T07:30:00+00:00,2364.12,2365.45,2363.56,2365.21,821
2026-09-22T07:35:00+00:00,2365.21,2365.61,2365.07,2365.15,252
2026-09-22T07:40:00+00:00,2365.15,2366.11,2364.07,2365.4,360
2026-09-22T07:45:00+00:00,2365.4,2365.5,2365.06,2365.14,554
2026-09-22T07:50:00+00:00,2365.14,2366.03,2364.86,2365.83,759
2026-09-22T07:55:00+00:00,2365.83,2365.97,2365.43,2365.93,315
2026-09-22T08:00:00+00:00,2365.93,2365.99,2365.29,2365.73,717
2026-09-22T08:05:00+00:00,2365.73,2368.62,2365.31,2367.38,610
2026-09-22T08:10:00+00:00,2367.38,2368.48,2366.27,2368.2,318
2026-09-22T08:15:00+00:00,2368.2,2368.34,2367.94,2368.02,230
2026-09-22T08:20:00+00:00,2368.02,2368.44,2367.57,2367.94,907
2026-09-22T08:25:00+00:00,2367.94,2368.87,2367.9,2368.06,984
2026-09-22T08:30:00+00:00,2368.06,2368.88,2367.94,2368.05,1028
2026-09-22T08:35:00+00:00,2368.05,2368.43,2367.79,2368.01,337
2026-09-22T08:40:00+00:00,2368.01,2368.45,2365.94,2366.99,392
2026-09-22T08:45:00+00:00,2366.99,2367.45,2366.43,2366.54,749
2026-09-22T08:50:00+00:00,2366.54,2366.87,2365.86,2366.81,436
2026-09-22T08:55:00+00:00,2366.81,2366.96,2366.02,2366.19,358
2026-09-22T09:00:00+00:00,2366.19,2367.06,2366.11,2366.6,636
2026-09-22T09:05:00+00:00,2366.6,2367.31,2366.21,2366.83,629
2026-09-22T09:10:00+00:00,2366.83,2367.3,2366.69,2367.12,650
2026-09-22T09:15:00+00:00,2367.12,2368.34,2366.18,2367.82,538
2026-09-22T09:20:00+00:00,2367.82,2368.51,2366.03,2366.75,263
2026-09-22T09:25:00+00:00,2366.75,2367.0,2366.54,2366.85,625
2026-09-22T09:30:00+00:00,2366.85,2367.22,2365.22,2365.52,960
2026-09-22T09:35:00+00:00,2365.52,2366.54,2364.23,2365.06,380
2026-09-22T09:40:00+00:00,2365.06,2365.21,2364.35,2364.7,422
2026-09-22T09:45:00+00:00,2364.7,2365.37,2364.51,2365.2,464
2026-09-22T09:50:00+00:00,2365.2,2365.94,2363.88,2364.66,641
2026-09-22T09:55:00+00:00,2364.66,2365.34,2361.73,2362.89,755
2026-09-22T10:00:00+00:00,2362.89,2363.19,2362.66,2362.96,698
2026-09-22T10:05:00+00:00,2362.96,2363.28,2361.82,2362.12,614
2026-09-22T10:10:00+00:00,2362.12,2363.17,2361.97,2362.69,749
2026-09-22T10:15:00+00:00,2362.69,2364.91,2362.03,2364.25,572
2026-09-22T10:20:00+00:00,2364.25,2364.47,2363.3,2364.17,656
2026-09-22T10:25:00+00:00,2364.17,2365.02,2363.48,2363.77,316
2026-09-22T10:30:00+00:00,2363.77,2366.57,2363.17,2365.79,460
2026-09-22T10:35:00+00:00,2365.79,2366.98,2365.12,2366.73,392
2026-09-22T10:40:00+00:00,2366.73,2367.07,2366.36,2366.54,184
2026-09-22T10:45:00+00:00,2366.54,2366.87,2364.85,2365.3,613
2026-09-22T10:50:00+00:00,2365.3,2366.13,2363.45,2364.2,249
2026-09-22T10:55:00+00:00,2364.2,2364.87,2362.73,2363.33,661
2026-09-22T11:00:00+00:00,2363.33,2363.55,2362.73,2363.15,738
2026-09-22T11:05:00+00:00,2363.15,2363.79,2361.81,2362.58,543
2026-09-22T11:10:00+00:00,2362.58,2363.38,2362.36,2362.78,574
2026-09-22T11:15:00+00:00,2362.78,2363.29,2359.44,2360.51,423
2026-09-22T11:20:00+00:00,2360.51,2361.23,2360.04,2361.11,432
2026-09-22T11:25:00+00:00,2361.11,2361.8,2358.97,2360.01,738
2026-09-22T11:30:00+00:00,2360.01,2360.17,2359.34,2359.86,151
2026-09-22T11:35:00+00:00,2359.86,2361.78,2359.23,2360.96,697
2026-09-22T11:40:00+00:00,2360.96,2362.39,2360.44,2362.01,758
2026-09-22T11:45:00+00:00,2362.01,2362.58,2361.6,2362.47,474
2026-09-22T11:50:00+00:00,2362.47,2363.11,2361.47,2361.87,378
2026-09-22T11:55:00+00:00,2361.87,2362.56,2361.23,2362.25,615
